S0_0,S0_1,S0_2,S0_3,S0_4,S0_5,sigma_0,sigma_1,sigma_2,sigma_3,sigma_4,sigma_5,T,price,rho_greek,theta,delta_0,delta_1,delta_2,delta_3,delta_4,delta_5,gamma_0,gamma_1,gamma_2,gamma_3,gamma_4,gamma_5,vega_0,vega_1,vega_2,vega_3,vega_4,vega_5
218.88638468920288,58.87473721443908,209.0749757946915,157.3614319353727,373.261385809028,62.199462525693825,0.7634232599890378,0.17129653721755145,0.03264180255866722,0.45491991528671316,0.550641067963404,0.2870610387019038,6.349206349206349,103.47898674793916,391.06603932465225,3.6769402102767303,0.16049189879624787,0.13353852595257187,0.12657470923566386,0.1571570714896348,0.1655956718340157,0.1459146818858536,0.0,0.0,0.0,0.0,0.0,0.0,5.268758587034853,3.4487796167293414,15.208979222407986,10.109544754907532,22.427208526994548,4.073911407766062
192.93818539088562,171.30082675069173,95.495530501248,488.7859519816178,137.7519539480461,54.71170330635374,0.7821710627701225,0.7758873761787207,0.8452859834315578,0.2899925588665021,0.3464593415177629,0.15023889057405548,2.892857142857143,106.87317167190587,215.29402477897298,6.233500209924953,0.17160042735160766,0.1645108404323806,0.17707248050225122,0.15229003152599135,0.15192270407892702,0.14132573430723674,0.0,0.0,0.0,0.0,0.0,0.0,8.638182502888029,3.887383485772716,5.137259923608788,22.52271573814619,6.241015749034506,2.2548727686859116
121.11378184220283,184.25493139847552,109.01840313926002,130.49017760081486,60.366471796841616,161.68959362266665,0.4742965322872206,0.998622145766988,0.28738877610696023,0.2826220534281473,0.371379571216121,0.16931677337133944,3.8134920634920637,52.17456539298683,210.15138480038488,5.218423558382693,0.15168967773822278,0.17401355061940266,0.12463974815743933,0.12129852373980035,0.14094571429646924,0.11703070637852483,0.0,0.0,0.0,0.0,0.0,0.0,14.167725470194014,10.809651960034245,8.81539000960441,8.763454817811716,6.334200769112975,13.670867393631621
57.42380062576109,108.71194425713111,145.28255406067564,159.58076702788895,194.38972753244016,305.71892118892896,0.9326632476065337,0.8454648116565235,0.9848896670400978,0.03384998698761843,0.648398477118431,0.9546243372225395,4.861111111111111,100.75755211393613,179.54268120287065,7.79860435542315,0.18367117523336768,0.16645809628049,0.16314085178051535,0.07261203248245651,0.1384658958727165,0.15322445496929704,0.0,0.0,0.0,0.0,0.0,0.0,3.1740997967495375,9.554267818922611,24.324159316701426,6.811720332876558,20.502646610582957,17.313580776221983
205.6237439788897,103.05755233826017,82.11988287100675,109.66187407653692,443.18270724141195,92.00961863364098,0.18756930132050953,0.1340956184843044,0.7288384105162093,0.6857531406138728,0.46084449397983973,0.5013227277198118,1.1468253968253967,78.71119605772968,104.91293639728495,6.232718474400612,0.16053993755850948,0.15962934282847552,0.17142491630261633,0.16673745005485752,0.1650388267307665,0.1654832500728493,0.0,0.0,0.0,0.0,0.0,0.0,2.991775995619234,1.3693360842567874,2.7213070909519086,1.5134886545172854,7.530290635068518,1.52506646299552
216.39894875765594,319.237934392874,263.63383194951086,225.57760777754982,198.7495599849495,241.40990878325658,0.4342774629255072,0.4925577632143935,0.7603508127922565,0.1781181061599798,0.45270723889121023,0.05394243203766025,5.432539682539683,176.04381791531208,422.73801729445984,6.028054471352685,0.16897737926961615,0.18415148877399706,0.19384884980991537,0.1599517496237282,0.1710711184874154,0.15458396881381117,0.0,0.0,0.0,0.0,0.0,0.0,6.982500888675986,26.51907700853215,23.245328039461782,7.059261598987796,10.19256986559769,9.088441715587289
290.95376384619414,286.9602589737215,144.06546981428107,125.06275572345176,286.73905358952754,132.54234995889246,0.9806727341158386,0.41474759347572765,0.5542807073324794,0.007337258676562763,0.008779281421117724,0.07450022905530196,0.19444444444444445,111.56758074044079,19.33134870180079,2.8457557008267034,0.16634988465187017,0.16675100699323844,0.16665721372087244,0.1666684033161377,0.1666701984927791,0.1666674365806956,0.0,0.0,0.0,0.0,0.0,0.0,-0.07343262569316522,0.05332636334237417,-0.00822920905161384,0.029625206531665,0.11538151659136797,0.00039195299256283844
134.64829455871893,354.8335032985029,174.8827833836198,275.84551472899824,225.80710475840255,288.7581490270781,0.18671319325805602,0.3815167255102494,0.9623623520880437,0.7725647014054083,0.2629938769536707,0.28097433751567047,1.1468253968253967,147.16159955077907,110.12811211258054,4.1025424978531975,0.16630651074858993,0.16594228778739217,0.17174912913130427,0.1670569956525479,0.1667014730017633,0.16676664502915675,0.0,0.0,0.0,0.0,0.0,0.0,0.49853039388850906,-0.07674264978155065,1.6415124401256236,0.5161800981033124,1.1642068361923528,1.6144462532261983
216.44335358230268,284.0805261771147,192.84116929144943,106.19572263026909,170.4765872673553,173.28617937333982,0.41112243098507384,0.431705750215302,0.3325950391551852,0.9173295458306547,0.8116473222352135,0.2673984097925576,3.111111111111111,113.09021766234986,231.57518150732716,7.582809715614959,0.16616794589690168,0.1603299733771591,0.1586537730455444,0.17809502401161253,0.17943776772349124,0.1495484505041283,0.0,0.0,0.0,0.0,0.0,0.0,18.04919724264228,12.12359283342385,13.94671294993043,4.666922466110101,11.638711103338593,8.477685175064384
281.18608878974146,96.44176290250334,170.76735321800143,209.2839555308861,141.2322045638183,85.6811479071933,0.4900196852217329,0.1522247099493026,0.3292828010693303,0.4450645422977523,0.2619021837402262,0.3538863989424691,2.0992063492063493,72.7645455284733,171.6681914904351,4.73775741305747,0.15993886298223337,0.14868836383014006,0.15624565548376368,0.15913334417183383,0.15194607508438707,0.16088097187268713,0.0,0.0,0.0,0.0,0.0,0.0,7.074004334146224,2.1059022258249387,3.92419144264327,5.517847356338134,3.2426069433239473,3.410091116316236
61.86280794709988,74.63114936062539,161.99421919206026,98.32283053947766,112.80043089532164,289.01358304295997,0.8185864542669129,0.5854698586972793,0.7241257443615903,0.8976995924487441,0.4822363830796391,0.8449231475691436,2.6825396825396823,72.30500326823262,117.14730288890593,11.662148215786596,0.16308272560213777,0.11491154071841905,0.1275631582850849,0.15678974503973608,0.11495758777604512,0.16699143417238543,0.0,0.0,0.0,0.0,0.0,0.0,5.845621612001523,4.33469775650053,9.771815349691416,8.713051413357427,9.407070826519377,34.06507861190532
147.04568580541692,148.02826871812712,91.85694230262817,98.86323682803092,170.12852139153586,132.57669765343954,0.8980314694776976,0.5388566642467874,0.06380813246796768,0.5995509541949889,0.48495603596437964,0.9069288447897671,1.1468253968253967,45.33007876071193,68.77974657948394,10.37629636027486,0.14462900617108126,0.12960325206013534,0.10440130619159473,0.13509854285011091,0.1313046524918271,0.1475912991341024,0.0,0.0,0.0,0.0,0.0,0.0,5.012937049229105,6.425862940295122,1.3783373682245483,4.834339574883186,8.99610681033963,4.80668685563019
188.54512969363805,253.23763137427724,226.33982449938907,100.83298683871485,83.59205800728341,349.9265662550557,0.21214412676695582,0.9924256945030622,0.6430201120365632,0.0017477542625116138,0.12559327868929726,0.24741421996701196,5.432539682539683,120.08820112517564,423.1226462726014,2.531695180561042,0.15953086916785597,0.1810905303971792,0.16341703550121023,0.15283421826296906,0.15715292841759168,0.16146803714825078,0.0,0.0,0.0,0.0,0.0,0.0,6.373121789029334,-1.009013059588284,-1.2006420775535958,2.619827839115438,2.9822372083704547,8.738259497579676
115.60090301070511,161.53310236941294,134.9688902812229,205.49779734554394,111.81583932786168,138.79125093350282,0.010579031904155878,0.504011404383559,0.28598619412914505,0.3601662420440698,0.16899502019426116,0.8064527059495693,5.142857142857143,65.58320218712223,321.69370018948626,3.4645175957372327,0.12242743906684392,0.16082377859400934,0.14400065346042124,0.14974995199776822,0.13052811396246375,0.16715509184596095,0.0,0.0,0.0,0.0,0.0,0.0,8.528101533684538,9.101698850247914,10.146141854418484,13.367208300843345,5.790893757853896,3.671797657129517
330.30906842501037,251.70511174957656,96.36517247852791,294.81390296297633,158.35071564009263,318.3620780586288,0.5806158547840479,0.26033757415599934,0.6505651185795476,0.03564933007982429,0.7485742842726223,0.16329584200619496,6.670634920634921,170.5291319817563,541.092847615452,3.9259509710390024,0.1816165361320666,0.16802074062150907,0.1843552045008247,0.16547523465617273,0.18818086993679534,0.1665245807389244,0.0,0.0,0.0,0.0,0.0,0.0,15.644559002655967,2.925366266545467,4.711253055596146,2.9220045789734908,8.661677787755934,2.532122139489509
145.6745570673531,425.5372328511605,83.46639257786202,74.51372375202043,443.42525633014105,169.16932633030368,0.5108985504339784,0.2297200840428768,0.753102723058587,0.45290398507985885,0.5731160519571037,0.7760483145780492,1.5873015873015872,133.05785051810787,142.65626133241392,6.587501264487205,0.16579155555814815,0.16131591693817193,0.16320987067490783,0.16825446345628348,0.168827363741972,0.1720857596804771,0.0,0.0,0.0,0.0,0.0,0.0,1.983625840425983,7.284784261511938,0.3488321171242994,2.1955779473211727,9.6034562837566,3.7438990633355616
166.38112140696026,243.11556729048914,274.59195928281434,247.78137745171526,84.41852434961106,113.23598551372913,0.9233570342978508,0.3134897595911199,0.10952830541843617,0.49575605261851075,0.8246808188081259,0.2820261344977427,3.111111111111111,100.44377927772305,258.49703617980873,4.308169107437344,0.16752436313786295,0.16120695205859512,0.15528847653991357,0.1645752081758141,0.17654484641042484,0.16023181174784107,0.0,0.0,0.0,0.0,0.0,0.0,3.293249376989806,7.19226914164507,7.818935101532382,4.798838264978706,2.452441763450679,2.6348131780178097
116.93413012511257,162.04983892422666,227.4571020862089,243.44643939894993,266.6348098198994,258.7601794794923,0.9402395550995404,0.41681091281676896,0.8615748039250786,0.18423225305998314,0.4512645030884104,0.008909094412893448,1.1468253968253967,116.26741145658099,110.7116799334139,3.4233253301561546,0.1705690618388481,0.1663543318278654,0.166354487418075,0.16679112712935368,0.16641019404196858,0.166516842436772,0.0,0.0,0.0,0.0,0.0,0.0,0.979787436381006,-0.05787832966916007,0.297036143773056,0.5659681597902164,-0.10045940331302816,-0.3090328988195755
219.99018222286475,176.03355493733747,220.46357501617356,131.72178428591494,304.26669803010907,245.9994061137697,0.8315823993413437,0.011758399400503161,0.7241844991944807,0.995688640710673,0.4946085264975061,0.5418823731955844,1.2857142857142858,124.8274114975227,115.03895449048323,7.533324125637789,0.17292503873758625,0.15513258185705092,0.16942211032982232,0.1633408029819276,0.16420517645783966,0.16310076058038486,0.0,0.0,0.0,0.0,0.0,0.0,5.3223386071235765,2.1716454339415243,4.739127222391367,0.3123960918940156,5.125800155929351,3.209650933857457
249.42302270785834,101.02267093946517,302.14527581791464,174.44602800907364,195.81998073319804,158.32484631186455,0.08239686889686604,0.9846478369418444,0.8462373113802765,0.8664581277476757,0.8424034375786872,0.8618636788196724,4.321428571428571,147.45687287884505,208.74105839933554,10.834691224715684,0.09697589205780274,0.1682393218313738,0.19039368028585715,0.16362675383166136,0.19248966622412705,0.19461678161891027,0.0,0.0,0.0,0.0,0.0,0.0,16.411962754084193,4.011063640132292,33.19681254611709,8.317916837837274,25.258581452178504,22.322580753050715
93.07767572425143,91.72934163019129,298.2989557113852,185.98348513722175,95.63147936307442,165.8139072898226,0.9153396622903384,0.4710866789399283,0.7738025042070411,0.043326070451384924,0.8362200857944545,0.0583374092968576,0.0992063492063492,55.49244384813758,9.891153114962767,3.43779227808401,0.16701141938494585,0.16657565053779516,0.16693011613338207,0.16667511252054873,0.16667188423250123,0.16667710036215627,0.0,0.0,0.0,0.0,0.0,0.0,0.030987822530532005,-0.020023470282932387,0.09302465385129688,0.0358928560146706,-0.006736535496156382,0.030791262178652634
194.44608481078453,195.36070258471247,194.8884297845448,287.89695432220867,167.7106118169458,83.81929482650742,0.5162118899219694,0.32476775088619125,0.4240992759172939,0.8721766683651511,0.5179278357107884,0.704743820672414,2.892857142857143,105.91450905744338,203.92413788045707,6.314806438098589,0.15259312146505893,0.14598877571476326,0.15075622187268536,0.17149015542740287,0.15143454731778663,0.1678119751038803,0.0,0.0,0.0,0.0,0.0,0.0,8.587562566612647,9.57431904978975,8.849419106880632,6.713805145601498,5.579813804698169,6.043597870979845
197.17431254555083,99.769753365984,145.45509806501565,163.64295938052624,120.94821201436913,199.82999035112167,0.5261390417760028,0.539079919717259,0.2993851150225987,0.2286353545617077,0.31134990478874414,0.3980088119738805,5.432539682539683,77.77271377280637,349.6738966069256,3.936551360132751,0.16018971323132927,0.1722426301792135,0.14239348400685753,0.14546288609876312,0.15088949712512964,0.15314879977022394,0.0,0.0,0.0,0.0,0.0,0.0,11.202325707805812,7.86456236626227,7.138687280174878,13.876757936973728,8.460332491104342,9.328543948516838
180.99547552768524,182.2575326326161,64.01703352052532,66.4475139689768,226.84941540524045,156.50343770155465,0.2618602251513441,0.7183706047638535,0.10991289048407449,0.2615275908245487,0.598357492488906,0.5976443302129226,1.4325396825396826,55.88593408161959,110.9121429621629,7.402630759548243,0.14368650175085365,0.15837878001972572,0.13726307850421837,0.14682417554008215,0.1586787341260532,0.15269685064571864,0.0,0.0,0.0,0.0,0.0,0.0,5.955477449356776,5.152041834494671,1.5399293406950387,2.9002612354403,9.558572386422004,4.428416747578165
196.0023886842478,127.6762159018724,271.4193726244251,294.95235096441144,139.8817575999571,132.5410116501101,0.9107576016793753,0.4826288197242127,0.4179502668274875,0.8725391078245213,0.2948657055090499,0.826093928866812,6.035714285714286,131.79433030913103,283.69769086632573,4.943490154161221,0.15422194304311163,0.13602366221655612,0.1555701170656765,0.16654990195543684,0.13212994237079265,0.16124099849196233,0.0,0.0,0.0,0.0,0.0,0.0,-0.1282013317925248,13.880746491791975,36.89595596771504,13.08060087407739,16.550598562451107,5.273521989215752
233.21828094900528,147.31638092725842,148.83070452694724,142.97316383370034,119.04790494035393,110.08123840512003,0.45440552376298105,0.11683842696725777,0.03885269278813752,0.5659410643768615,0.5021165341911137,0.34065903609159354,1.2857142857142858,55.528133266135875,113.48849758000848,4.678853790994694,0.16381841918730072,0.15453036049704594,0.1537968297433895,0.1609275799136561,0.16339518398453579,0.1587626675010879,0.0,0.0,0.0,0.0,0.0,0.0,5.474949844647647,2.0055480601826385,3.366311036428465,1.1265794215764977,2.2854226592078373,1.7141468754933227
138.13093619962274,160.34158607485315,329.5172197613664,75.07000271619953,69.0259959885448,53.62599395632138,0.9983159420452421,0.5441271674823415,0.6969397551849924,0.7209729215852323,0.00017125536797524266,0.552460978194697,6.349206349206349,90.84232324174488,192.32297187811423,4.927087153949803,0.19374834799952148,0.12701322340261134,0.16042595212477948,0.1390558117969713,0.061081776397807694,0.1209634377133431,0.0,0.0,0.0,0.0,0.0,0.0,9.821088122664122,14.903548415215283,32.84208917104678,8.895360497558968,1.6121903446336172,6.8969316649476085
239.5690937353256,152.3314067987783,93.68308809946984,575.4198862926215,136.54289480238054,93.28469829139114,0.33268684270409066,0.33218429405253547,0.03289676362509131,0.538027285271577,0.6088150800881589,0.04716430759888712,6.035714285714286,143.9155729139161,422.27310140487793,4.470267771124382,0.15884916328466475,0.163850349665258,0.14196358497673955,0.1753157745448456,0.1717146688653221,0.14189773963919555,0.0,0.0,0.0,0.0,0.0,0.0,11.41307252301337,10.662458628611802,6.384635815992775,32.85927429078407,5.255413597968953,4.207771002572628
167.9547059027039,116.24437900253423,137.65991559549693,212.61252605137395,97.11855540881568,97.06963414444286,0.15110016987187913,0.8727781728358458,0.4125899427802374,0.19065745140009138,0.14724424893777166,0.4209141028180735,2.892857142857143,51.821724502045846,211.47459154401272,4.528088274829184,0.14078183282725226,0.1710935165603166,0.1525399058430189,0.14474115507951246,0.14038551544618535,0.16466498552722897,0.0,0.0,0.0,0.0,0.0,0.0,8.687070531429606,3.5229832127126315,7.2041431104328915,13.103569830312082,4.884948790195041,6.966784872623329
256.72529096861683,168.89031384507825,258.0931895275262,193.9715020650399,383.49246703696963,236.2150380592188,0.6556459496697838,0.4407082563669046,0.1372415058593882,0.4218984359925426,0.8720111796387982,0.655870739731806,0.0992063492063492,150.6680500337164,9.891153114962753,10.018344003200424,0.16699823586433402,0.16711800975321178,0.16671568061874398,0.16674059867401864,0.16805104430876336,0.1670349789816249,0.0,0.0,0.0,0.0,0.0,0.0,0.22772097009716186,0.2842417056498563,0.12171543738490243,0.04613994795377452,1.0615130170295002,0.24075396672269056
98.97754049602044,125.75929187301054,147.3639626256503,171.95034651918786,330.5586989491687,225.93662634107957,0.07292747547289313,0.9032945679694606,0.35617718598605963,0.9967264257409573,0.06878192044678355,0.7167733945262219,0.4801587301587302,86.3398401421166,47.291310203777364,6.115282005877813,0.16657753657132401,0.1685791193672597,0.16702799200365273,0.1703918429625425,0.16659246465908709,0.16890389477312323,0.0,0.0,0.0,0.0,0.0,0.0,0.08352007151996277,0.5087628778578566,0.4003774073453883,1.3303703215130245,0.338425066348516,1.5033785424325181
89.1105899654766,57.44604518882785,69.95467979645073,100.46769588864373,228.73531396187298,216.72936852973686,0.3356141834382842,0.4826449115436703,0.421757997630278,0.5935168652765301,0.15026602525596278,0.8056849411136867,0.003968253968253968,27.084141694285044,0.39677815851858667,3.3864982636056373,0.16665641985620064,0.16668868036017243,0.16665644367346844,0.16666596695635397,0.16666473097524181,0.166662816047068,0.0,0.0,0.0,0.0,0.0,0.0,-0.0011212218704034632,0.002733442699559479,-0.001087832085538875,0.0013639465573705642,-1.7241148379545934e-05,0.002208262625474175
233.888583477411,105.94186220584976,191.77278393342408,221.28224149277438,224.4211934046734,110.39629687490084,0.5020144468562749,0.6379738132062331,0.39269689464659707,0.19031166319038195,0.02277387850126711,0.7411789164707633,3.5714285714285716,91.32912530581578,297.166304448288,2.844830887527417,0.16234480262644513,0.16229611375024144,0.16257605701689315,0.1592909822925819,0.1551548841186859,0.16418276428571682,0.0,0.0,0.0,0.0,0.0,0.0,0.3647233598236568,0.21336041931172645,1.9048981423283635,4.674257493167126,7.626026570025097,0.48536202110302895
227.48131680539103,83.91245675939976,177.08903212405266,340.50979729327196,114.25423538500664,298.5641461728955,0.6530419067999982,0.6160681445334437,0.17330015630239026,0.7384223332022771,0.7602262329425974,0.6566895180142439,0.003968253968253968,106.89372459718585,0.3967781585185867,-5.981579209190979,0.16663647779717836,0.16663489200271542,0.16664351489916157,0.1666075260915566,0.16651053227172888,0.16654921686311805,0.0,0.0,0.0,0.0,0.0,0.0,-0.005244353266354612,-0.002014711256090519,-0.02366826943895384,-0.025145316329728717,-0.0192311326702327,-0.04465423643807144
116.66070480844837,136.16154067324976,88.9112937322034,241.58388160342864,322.61047195613656,189.8676153926714,0.9622074444882089,0.005071737649740116,0.5236902913519934,0.45321427894423294,0.41449272632519085,0.5038377063242053,0.003968253968253968,82.63216857415988,0.3967781585185872,2.082709386406029,0.16666490028866812,0.16666637310381274,0.166675113561003,0.16664037569983495,0.16666210692377023,0.16664031849609107,0.0,0.0,0.0,0.0,0.0,0.0,0.0026665916109693683,-0.007868957175666744,0.0019415543848117812,-0.013314319581031867,-0.0023844081412136703,-0.007536888374362567
164.83837712929633,98.93076882873439,105.65674596964341,260.37801960345837,298.5276648411872,265.04817631000986,0.6023909361745371,0.3223634970427357,0.6751158833063312,0.45726832224463343,0.8320828028753477,0.5710571599554511,1.75,109.87780847904165,142.01660765629,7.60615565871862,0.15621350107883264,0.1509218070778405,0.16227249041878633,0.15794538750248152,0.16408674327886025,0.16259022452650385,0.0,0.0,0.0,0.0,0.0,0.0,3.2506747121893333,2.4580382022536345,2.3964615096796926,6.571935151876701,6.342578429236923,9.542673707431888
192.8833067679716,195.4820891153616,70.68465717435701,87.65841477141313,120.5554322748488,137.4072752793999,0.04209132817358796,0.6158610572350285,0.9007805446071685,0.12941600651968865,0.795709025573487,0.3793399100804813,0.14285714285714285,34.697466327715226,14.024527804722315,5.5688797715799545,0.1643842464248689,0.16526606552297474,0.1653976907573929,0.1644812424047221,0.16647288531055177,0.1650361922049702,0.0,0.0,0.0,0.0,0.0,0.0,0.2969986491283353,0.28897967872096064,0.041901506674884015,0.11282276890288628,0.47702819762009074,0.33543442158125925
135.71626652665333,336.7239133255005,302.32701715250386,164.67214165290824,171.58991561307013,279.31093243166356,0.19913025363087422,0.49814085243901185,0.9268028573767177,0.6105975851612236,0.7732207296131802,0.018704017191788824,1.4325396825396826,138.55886192638917,136.59205266602686,4.779507316200936,0.16694753041769173,0.16711993861374932,0.16861160470230835,0.17148135404473624,0.17141283899428966,0.1659473307586959,0.0,0.0,0.0,0.0,0.0,0.0,1.2542456416111891,0.8503800811558122,1.592840247903581,2.7771986933579953,2.1189657981849805,0.7671788500796755
121.30468217145346,233.18285109822975,211.75614297113742,193.65885602950726,105.93780045587158,222.3834794213623,0.6064448042607994,0.5206036784946163,0.8199634372246504,0.9422987400912896,0.7429348496117596,0.5125386178964846,0.7777777777777778,87.35774896973508,68.77815872863611,9.228715873347797,0.16063501968257698,0.1597740606854759,0.1634744986171769,0.16463825239067745,0.16244329622820197,0.1588930475169316,0.0,0.0,0.0,0.0,0.0,0.0,1.801938502671721,3.3168249034565296,2.582661126856152,2.5834984619292207,1.4011902260489233,3.544035672136502
180.71415352882084,116.69680885768344,335.452808102526,199.98125959410012,96.68522936400849,83.6568327694227,0.3533676170885949,0.1684241043445548,0.2078949876336007,0.19756400719774092,0.14576268518031343,0.7709783196456402,3.5714285714285716,80.93164881185247,303.7010754404742,3.35745987561966,0.16744801928527023,0.16084723299952386,0.16314860409196874,0.1624840836984028,0.161174265314611,0.16892540256826277,0.0,0.0,0.0,0.0,0.0,0.0,5.688558846576292,1.9089082760205365,7.732032843020207,4.59349609525858,2.377251354802276,0.7349858664991871
304.47794328021405,107.5937445372353,130.9172488703946,116.91050729565072,260.7710892830574,380.699269451629,0.10439386259514838,0.943705043518827,0.14802892581691185,0.06140719852302967,0.3042534234221238,0.026467547168557815,5.432539682539683,138.61312770556003,461.554773768382,4.614161828399485,0.16685680737775974,0.224150977719804,0.16831136843125266,0.16676910682744212,0.16762965958592313,0.16655644707676992,0.0,0.0,0.0,0.0,0.0,0.0,2.1286532565533136,22.447049697139192,3.486190706903841,0.6236675090251635,1.7082253864113568,-1.5019323748500852
121.88689002220681,77.73861597095781,121.98877097718524,113.06692757796746,111.05080074727331,135.52852185343033,0.8397415618981243,0.9246582199130278,0.5489613338414536,0.5670347960703908,0.993781467956743,0.8838012669309624,6.035714285714286,88.61020053611907,137.75285510349522,8.66988021529982,0.13898751710538565,0.1508944640912946,0.11612301801488918,0.11907336444671796,0.2500038292515506,0.2019500120223297,0.0,0.0,0.0,0.0,0.0,0.0,9.298951293125242,3.0356047524303307,16.621739058708457,18.50884075053169,33.232970057366884,37.4868178543623
83.30319692323879,140.80013239672397,169.84898653465225,174.98359827013402,224.8910962776243,160.7204069329179,0.7212946202659195,0.9519403789428295,0.704574872426067,0.0777108101660452,0.6163053699275335,0.9803497053489981,0.19444444444444445,60.04425805942474,19.019469609411725,6.440380347735633,0.1653085642434321,0.16657240634732204,0.16557465439121088,0.16403762422572393,0.16550468210519195,0.16542649793337655,0.0,0.0,0.0,0.0,0.0,0.0,0.15685987420889225,0.4282805743957079,0.45491323576611986,0.13256477344392725,0.5635520131908756,0.16773824824201622
142.13964813302482,218.85505225408153,143.17786548789437,88.6905827126411,101.49164473978252,94.9363380147881,0.8244663778339926,0.5470149913444864,0.9317691820096397,0.9503640901189849,0.9915484431784731,0.13152814785502853,1.0158730158730158,44.11085117779231,61.9245694906547,11.234568874927284,0.13462350483679553,0.12990841670763112,0.13947909049228197,0.14564271603170928,0.1372692412663754,0.11252026021767393,0.0,0.0,0.0,0.0,0.0,0.0,4.71631084486722,8.93373721008331,4.177471854961624,3.150064439386542,2.7452781499726218,5.525545194336755
119.71010561233678,114.98135362042905,68.58587034044213,180.49381132338917,117.9827346408962,209.97476080165023,0.030014173045798787,0.6052649689644379,0.21029555425982116,0.39923725180732095,0.23113663997470135,0.9180617328862675,7.0,68.50862177679808,317.3518381397881,3.1619007512583246,0.09662934759623641,0.1620743753008989,0.11633581991584213,0.1393730755876043,0.11532649699513142,0.17573565263913377,0.0,0.0,0.0,0.0,0.0,0.0,13.62804792148397,18.005066261872898,8.188212174446653,19.033065372481303,11.539169795217084,2.1031826448174513
68.06488211237568,227.53871095084386,149.94027542798307,320.493316916607,219.92887109944115,258.47716595188814,0.9387200715803253,0.3647956336401055,0.040384437165278175,0.08642554204413977,0.7674140287452335,0.6912685901174219,1.0158730158730158,113.31240709177054,98.38034824081524,5.831458086869926,0.1745403932940872,0.16733385771600173,0.16635887959678852,0.16633736038385166,0.17229074608104944,0.17044036668712997,0.0,0.0,0.0,0.0,0.0,0.0,1.1896503719714318,0.8167331988755322,-0.1573966135731858,-0.24598574501323078,3.274536677135618,2.958650250097115
143.80773785728397,243.06177933645012,115.06527011418666,146.64011876071464,310.0781691889106,111.92474170029799,0.8446293786570812,0.7227505153695296,0.006925354715853538,0.11697680000546606,0.730981997971438,0.9423966586184593,0.5714285714285714,83.63688393775926,52.91553280574699,10.889460777151985,0.16937273792402321,0.16559708335667922,0.15703600181931962,0.15817099996615547,0.16521795470477035,0.17098586898141394,0.0,0.0,0.0,0.0,0.0,0.0,2.8194401212192854,2.9766966150212646,0.5080820873593501,1.5588747625111923,3.510632943438818,2.1066445440266524
145.49344450927077,103.3341438003475,163.66805708220537,174.87185892709047,118.62851456044372,126.91305234466768,0.38210959374351605,0.5989448634547898,0.7435885017067974,0.5163629158062054,0.8427398693039023,0.919666751105049,0.6706349206349206,44.7529948622373,51.028811469004545,10.734632657225811,0.14154967380933955,0.14755847600727176,0.14409806426583666,0.14049597839577105,0.14771327217089916,0.1522685467988702,0.0,0.0,0.0,0.0,0.0,0.0,4.168415844722159,2.717250188891679,2.7920383310810557,3.6548496110306736,2.1287888956780066,2.5646941611329392
136.04211515993754,215.98793386611024,85.02371758757006,74.65108224552824,133.37052875350665,101.22220540453158,0.8174207189784531,0.8490938684319272,0.5808975441083306,0.6787396049691616,0.53457270346679,0.04427256447055128,1.4325396825396826,43.09837746576811,72.90002154443812,9.869525708328108,0.13207462079693685,0.14375288646188084,0.12693638203957316,0.12758936040834212,0.11643827145813333,0.09013550588459557,0.0,0.0,0.0,0.0,0.0,0.0,6.323080299195585,11.115983589530181,4.944407575659731,3.9151465476627507,6.743549791115488,3.6448289318640503
95.66780079701233,130.15702625988186,390.90825694955333,149.3935764050883,216.33964871083705,247.18054426511245,0.40013621349909767,0.6815496708799952,0.43187331877501,0.9868667784540852,0.9964650052346464,0.249794435020255,0.3968253968253968,105.89282293538683,39.13711767831292,2.9673143453935653,0.1664357337404211,0.166500651198674,0.16654398907601048,0.16630603282801132,0.16579264580780995,0.16630998651479262,0.0,0.0,0.0,0.0,0.0,0.0,0.052534263218575905,0.08577233729996347,0.1931661143656651,0.06067625874259086,-0.2196262375113225,0.011419550418726665
154.37750385464483,168.34281003949957,104.56913076764536,188.46335442764342,170.75900412603502,133.78318657323578,0.11453731637961895,0.14106639620544603,0.1925099449354165,0.3961884949872295,0.8763828608528218,0.031075412673382985,1.5873015873015872,58.4207568663136,147.3127570430558,3.374550889879952,0.16297149308562422,0.16384749011839367,0.16508292425763205,0.16591388672115137,0.1653388055436208,0.16236539017748933,0.0,0.0,0.0,0.0,0.0,0.0,0.9107161708208142,1.872663908482461,1.782623080118256,1.3991964703041617,0.6714090344361523,0.6334276322065022
37.1306902007948,144.18642447294823,72.6547793646723,95.9494437239902,186.90567091605428,77.87073042469981,0.6140605842264427,0.010206330736768354,0.6761597054636507,0.3826672427844815,0.9230267471747852,0.7435144269890975,0.5714285714285714,17.06114874283075,25.331525541521934,14.466415049496318,0.0999093969398224,0.07548791149936795,0.10576469703098754,0.0870196293612226,0.12041533960368281,0.1060369651686773,0.0,0.0,0.0,0.0,0.0,0.0,1.5759410736393171,4.6199139030079355,3.2266862307487028,3.090786397817166,8.742375411102588,3.448936861259224
219.29607153508627,168.27289804537205,312.9089486776277,203.31008164762983,81.01999224971952,79.2166762458661,0.3256872833536406,0.021845464628765354,0.9248516124555237,0.34964169908125886,0.3670879563702457,0.7595474083951754,1.5873015873015872,88.93168952811115,136.37528932835232,7.980707062830787,0.15993694862234997,0.150619212328547,0.1805828590720433,0.1590035926361556,0.15634706848540714,0.16321287728997577,0.0,0.0,0.0,0.0,0.0,0.0,6.523567087212008,3.4104809466901838,13.034120999268694,5.543410777743709,1.1364473778319342,0.7160878921185674
252.23027423268647,141.49554655016854,330.20155205923686,276.0008424543146,117.87250108227116,142.32232142687212,0.1059167347057709,0.6459404619066152,0.11327163696366871,0.9066265657553721,0.7038686541253535,0.2262067399707336,1.1468253968253967,115.05024750156858,110.73014726951607,4.228437696515362,0.1668101659622025,0.1683931449049775,0.16672129817921322,0.17187850898403023,0.1656890864950503,0.16639684332713633,0.0,0.0,0.0,0.0,0.0,0.0,0.6931465723841823,0.84783916360783,0.4999458497536331,2.809732491403544,-0.2052921627845503,-0.11417823397893034
113.8244119606045,268.1858025045051,269.9226340603988,98.51291009892687,599.0653505394504,604.6531811249173,0.958720421728816,0.7993439945232688,0.2560337421123965,0.40637715670732955,0.830023266078859,0.07321895104692566,0.003968253968253968,225.64795447607995,0.396778158518587,-4.58759350235415,0.1665968388127451,0.16660966317664452,0.16666154991822113,0.16665673776910023,0.1666092159432826,0.16666999695755452,0.0,0.0,0.0,0.0,0.0,0.0,-0.008480354920198552,-0.01971143314578766,-0.005539063092352296,-0.0024086263931260496,-0.04329427976558531,0.027350851978661817
101.05216767450158,256.01858786032824,153.08140031139837,62.400382311605526,83.05395997956013,85.27721820635475,0.4829812361232231,0.8754785460988419,0.01791734083862595,0.5482496506918623,0.056086445131872664,0.11560074734259174,0.3968253968253968,27.896673830705442,30.36779957986259,12.620724318329524,0.14181099906461603,0.1544695348787029,0.1292935013139412,0.13938961862061305,0.13044406875587228,0.13159265481236615,0.0,0.0,0.0,0.0,0.0,0.0,2.6010038774144943,6.786116344566359,1.8876042699386317,1.1613747405840924,2.0087254353878614,1.8497989771097947
131.69317944847612,127.26014378506727,223.21489135813866,317.1715504037179,112.56460379717757,328.4829026182949,0.11313277437351876,0.8052901034445771,0.14040683865519543,0.3826817668808681,0.26227824166289826,0.29653485367609056,1.9206349206349207,112.58523180887939,179.93785089286698,3.032101025150292,0.16594472890444645,0.16769026471999374,0.16585493010978034,0.16600910003870073,0.16635721599595893,0.16645376942383072,0.0,0.0,0.0,0.0,0.0,0.0,0.7648411470853826,0.18148450653950476,0.6361489868862034,0.21183855294592036,0.5984456975531085,0.980745377024288
149.35066451419303,89.30307234612651,260.28357430603063,195.7471795893327,79.14795225449501,97.90123142935676,0.36784722499409694,0.5007970704905469,0.3130945937555768,0.2504520650370853,0.3753030921318782,0.7778292648002352,1.1468253968253967,50.85113009577659,99.26931848441576,5.70919733079702,0.1544936485633464,0.1577927771018698,0.15898335828671042,0.1547123485136038,0.15552464319836304,0.1662021929463796,0.0,0.0,0.0,0.0,0.0,0.0,1.7731905188273132,1.3978039134470936,7.904351744843311,4.011469131934245,1.199477628608756,2.3871670272707757
95.25194159643462,85.47016820287338,183.26782157239322,153.6657908985545,89.89458924864697,179.45507445615638,0.582210042085616,0.15950704293421436,0.2718487018862067,0.6961032593514712,0.7581798563348546,0.43308564226507484,0.015873015873015872,31.269403328923968,1.5865459093404746,5.044506905059995,0.1668215728330876,0.1666891186817625,0.1666926590687069,0.16671880390906463,0.16686318952684365,0.16670631767299315,0.0,0.0,0.0,0.0,0.0,0.0,0.03189977794447507,0.012481026453836315,0.018269565341459515,0.021211692327147924,0.022588886178337236,0.017383662973568303
60.055029832053656,135.58171420543619,73.00798399545371,92.2649035087021,261.9926977719085,146.33435966888982,0.5920611351587253,0.7256979206215554,0.2878732598665211,0.989870683163845,0.28073474217542915,0.15902514557532343,7.337301587301587,65.64182861427574,307.41234397668114,3.2538396940533936,0.1510816033313465,0.1682865242905022,0.12220219021090108,0.16532325687865604,0.1358755423611177,0.10848830490078235,0.0,0.0,0.0,0.0,0.0,0.0,3.666076346858631,10.036500969014227,10.888850075827865,0.903941568453277,44.26856715360279,21.33585625296269
164.70829714836213,352.2989759991992,71.13338479851495,162.19885023545848,118.70724025271164,214.54220132542972,0.8750761558830443,0.405476014533385,0.135866768377643,0.03474963579332413,0.6894521615588824,0.9284567021337389,2.892857142857143,96.02848450500618,199.73337085876415,5.11076527559738,0.15494670772714375,0.14946415478639885,0.13384578604672936,0.12730952766661394,0.16551258832507412,0.17281978178344962,0.0,0.0,0.0,0.0,0.0,0.0,0.5435414332694819,15.131275813434293,4.257953922748747,8.429439655938802,4.575689626795359,7.483668691980682
266.41247864484325,101.82029135332968,153.52035978846163,331.33610466307965,150.1180361898924,213.68878549327252,0.31213984143697504,0.7264446521920853,0.6540945027685156,0.39226510827084893,0.2286733041453416,0.6184318876445828,4.063492063492063,129.05038332025583,285.64856487512907,6.657996388924495,0.15504069340879484,0.1696589773425267,0.179712806383521,0.16374003963839917,0.14632636801779195,0.17295441689284996,0.0,0.0,0.0,0.0,0.0,0.0,17.549277310151716,4.31397133759188,12.429770532318997,26.320593520126693,9.363374682562277,12.55235753307565
154.85926556750906,110.43983427441356,133.37587893512728,252.1938659890335,159.70131984677448,97.23209171951343,0.23079429103953153,0.7670329382127824,0.10798909680197677,0.7747493457037438,0.6754192512098534,0.6313420985627031,6.035714285714286,91.18450444701703,270.23464068438636,4.800534482941335,0.11355260307721365,0.14198252242533482,0.09983016123721083,0.18292960838694983,0.17968253661373482,0.14961839784460285,0.0,0.0,0.0,0.0,0.0,0.0,16.513401439403083,2.415512552710325,13.179823071868093,21.370324200183774,18.091930249598065,9.300337101109292
155.3356656692287,261.23478569484297,112.30857497507986,326.3682620900951,152.39927277929573,193.73578209971785,0.6627666432211929,0.8243449247204908,0.2379327845082294,0.8015108413372112,0.7922760110362526,0.9642236018453714,3.3373015873015874,131.9851243451825,167.93657420889178,8.250387324130683,0.14690772863774643,0.15873406268738954,0.1129678695679932,0.15165046694650497,0.15186967492274137,0.1687521724004278,0.0,0.0,0.0,0.0,0.0,0.0,9.332877441672743,11.80660145477735,9.404785942341972,12.346543658146942,8.331405601830014,10.722893334508257
100.83014718807813,205.6183540985845,200.50752286754485,225.87853687167012,159.78832653344597,136.50136143797377,0.3616214745712223,0.952188305527553,0.33835456132335673,0.6874336418609729,0.5894797847344906,0.7366397527902063,0.003968253968253968,71.5231726810329,0.39677815851858733,5.091084836017028,0.16669422554656635,0.16666243995361207,0.1666708240304332,0.16662038360634376,0.1666233823547138,0.16670467273723,0.0,0.0,0.0,0.0,0.0,0.0,0.009691492613370482,0.00794942794233408,0.007310866299858831,-0.0020352687632114314,-0.0075226762177573805,0.012061057396777042
224.946131449363,198.9556636381477,127.2773841895606,200.1507818137743,171.89858396365852,175.7861156651993,0.5708061975800096,0.532361568446491,0.5737986757688749,0.3904169431645411,0.8032193394935565,0.9090175007895108,6.035714285714286,131.65715634539052,298.85621245521963,7.260339705441474,0.15471742977399175,0.1598887894930758,0.14606350301720006,0.14634879743922832,0.19784061459212737,0.18583378522792457,0.0,0.0,0.0,0.0,0.0,0.0,20.42801056470951,25.285656056262837,7.5718739614244726,19.40328952911929,30.616410199428543,8.886469002895296
215.50968408042607,198.7923938362859,101.79698196402181,133.63451099757657,137.17272874358153,207.7356209277082,0.2418741860871555,0.09261258802469785,0.9103242204019236,0.3267233407722048,0.1718413527100473,0.9536449213713657,0.3968253968253968,67.30789825803524,39.16325963120745,4.430889603854502,0.16654820211662938,0.16645998227370168,0.16892935053036018,0.16678439026523834,0.1663910698989829,0.1670710974669033,0.0,0.0,0.0,0.0,0.0,0.0,0.2756716524225835,0.03174626502082645,0.6504986036811884,0.3729441459519056,-0.04894250056224636,0.4105948216744171
66.4202504380802,179.5862454293765,73.3772835144569,145.89257196782822,257.15519155540136,382.9826203506155,0.2962785348200633,0.012070802824734272,0.9827852169833006,0.052990715031492,0.5470122974688941,0.8520175886813068,5.432539682539683,103.32748616607161,291.594920907737,2.5023946322373116,0.1332079922517938,0.1062471764187605,0.15802458916862716,0.11035373447290152,0.15690234817777796,0.15935815850261004,0.0,0.0,0.0,0.0,0.0,0.0,5.3229774938294945,14.159870964162028,-0.9950567760186075,13.752754068525128,11.91317194190924,1.9688834248785838
268.3502703589835,112.72687064346658,56.687841168515774,92.87813611146562,236.82386311637094,171.2453411230695,0.08385018120878973,0.4656858638793492,0.11014102503223233,0.883586059707899,0.13670124128110817,0.08970338703887126,5.432539682539683,72.80376547431268,456.8623002350694,2.6463227861482297,0.16642871277083965,0.1741592409618401,0.16563028879579447,0.16567157819033126,0.16647469283283647,0.16587808069348314,0.0,0.0,0.0,0.0,0.0,0.0,5.895219059131762,3.6561029786091837,0.32787302947260244,-1.8391575806396503,3.6915245871851887,2.5435400509578017
308.99803428800226,186.282567242182,46.36197360528506,91.72939527279917,236.324213291195,182.58555378963428,0.8627186093505577,0.5440098884623115,0.9411036945143948,0.21005616221286294,0.8848450660982248,0.3093564109653716,2.0992063492063493,98.20980278158159,135.5645206300576,11.468665687004645,0.17547826230791336,0.14635493572503205,0.16115414358154329,0.12466914072942556,0.16138905137974902,0.1328448020833855,0.0,0.0,0.0,0.0,0.0,0.0,21.496753736693975,10.038815674441071,3.1720676762673463,4.528488204742719,10.357244920077534,9.401510039735642
141.95419909406462,72.97059491138333,194.48576825324767,139.86245976260315,553.5104042265284,273.21835231911894,0.9182659421605621,0.2032831590043077,0.7780035599968125,0.6440691785150184,0.7416715212328665,0.15745088386454065,3.111111111111111,161.78777222550167,240.7475046255654,10.883069190769099,0.19129088446653614,0.15065707770524359,0.19077466118110448,0.1729688680937753,0.17863583201218888,0.14951857368261326,0.0,0.0,0.0,0.0,0.0,0.0,9.12465707977097,3.292518970030521,18.616291752151895,9.55516581995726,28.599082515953484,15.084037946194965
326.4143760223122,100.74484651460456,204.1603084502455,172.07487190682627,158.1831879555126,93.5907792083854,0.6938496743131515,0.3687839393601938,0.923193397479389,0.8525590216611222,0.8729265535914751,0.6090435408579532,2.2857142857142856,107.34906713199321,128.67288351638834,13.325188274085736,0.162525519951204,0.10984956208293406,0.15786397165110022,0.1550881013185342,0.17272401178390034,0.14197609202440342,0.0,0.0,0.0,0.0,0.0,0.0,29.369121426563026,3.084920929856624,7.7269882878321,9.232327302850628,14.340882896850225,6.824147192931029
106.2130282967737,141.51962899041177,295.4881134818875,62.3526497846826,100.57650420002642,122.17538709768623,0.07145044990061888,0.9891085724980394,0.886409785680069,0.31235245656875854,0.01579367687310107,0.5405758191154351,0.3968253968253968,41.20053883508491,32.7702450508645,11.011164480578962,0.13997564216264421,0.153675637000714,0.15577586874476562,0.1434252638031207,0.13958921530575402,0.14858919373506804,0.0,0.0,0.0,0.0,0.0,0.0,1.0246704145200591,1.6746943507978447,4.305672917457965,0.7854458845741983,1.9426698676254248,1.7583630859545032
185.29372660586642,141.26133167987066,168.20437039564243,163.7469485440262,248.35772255554508,211.41542687549156,0.6217822494648296,0.5617037172249079,0.4280353110729367,0.08311642669551422,0.7374049408607416,0.33984145310481084,0.015873015873015872,86.45902813275812,1.586545909340476,3.9894275378410797,0.1667291565878188,0.16660191441852884,0.16679289276835918,0.16666515195981862,0.16667272272026726,0.1666977878072363,0.0,0.0,0.0,0.0,0.0,0.0,0.016273366320269766,-0.018743683611269324,0.05060476655911786,-0.0033430520558559787,0.005078669773444733,0.01982643508042231
160.977330571216,109.41080099998,50.677846845437855,190.36899838500247,116.88007272033974,170.0754065875023,0.5351352339618698,0.5499660013140616,0.8700835312745293,0.1995051568797327,0.8147411762591064,0.7514189073730675,6.670634920634921,85.5344283602754,266.1049700360053,6.899943649871245,0.16482220463409117,0.16011424766289126,0.18325536714813223,0.11046319353341348,0.20962288801199308,0.15616054793084522,0.0,0.0,0.0,0.0,0.0,0.0,31.321298132114862,16.808445971188192,5.225107954255357,31.435101505932952,38.1876593229305,10.848415051043418
177.1644783787012,184.33237637027707,153.0881854621619,187.91636437770342,129.4567156062881,112.84317308519856,0.8398699429637939,0.31352367252600577,0.8186491554404796,0.37197325536933423,0.7995046014183155,0.8471742444089362,0.19444444444444445,58.85736841781223,19.07101987261653,8.335545767421639,0.16734314728264202,0.16513285916739862,0.16671912068257344,0.16523059476593438,0.16628364327406467,0.16617319680080478,0.0,0.0,0.0,0.0,0.0,0.0,1.0122115111557122,0.5514820234833517,0.5413832673391443,0.48479524957431375,0.32590748472727293,0.22452629051526207
114.19096780862927,426.85598959450266,315.4074799296047,107.06757101042153,188.75366577371864,184.95536781127203,0.44475281605071193,0.7178279218533818,0.8852134030553553,0.9089063990198505,0.4921213853412676,0.3553265627329415,0.3968253968253968,125.94262868218244,38.926674957512525,9.02029889480546,0.16648168260751187,0.16803677477745865,0.16948479988297813,0.16655416124543995,0.16594814876547312,0.16591568647863775,0.0,0.0,0.0,0.0,0.0,0.0,0.3795929165257208,2.7636321265451507,2.6030696244136102,0.17254276096217858,0.22003378771112825,0.28522742928658573
433.997945468011,107.8608367893817,72.01859959422033,160.50208584680243,335.0955581017303,70.60346545439522,0.8977613900854511,0.42371285720958896,0.5748666399084967,0.9108510885011782,0.841061610818227,0.1853471175458976,0.19444444444444445,97.87793605982363,19.058776685105396,8.075582970638749,0.16600133458718838,0.1654224532088657,0.16620694656712692,0.16696968614554236,0.16597492147675338,0.16459852266756486,0.0,0.0,0.0,0.0,0.0,0.0,0.5778723479833836,0.3426769212400438,0.3399992603674682,0.6590432826908774,0.6043636938640216,0.15612954964791803
207.0038261833326,120.39899653007444,117.89771777919209,138.09150300062828,204.99610913309505,30.79803810120676,0.06134125411261848,0.4885799251767631,0.6457731545733474,0.12279864656277373,0.9025157121201534,0.7833479731354672,4.321428571428571,58.70041293429497,208.4626863750409,3.571026018755248,0.09767054801204761,0.13993771801077537,0.14621855921828986,0.10490306071892112,0.16071035436024497,0.16894326776396595,0.0,0.0,0.0,0.0,0.0,0.0,20.784769168108728,9.323355382052178,6.605650579809883,14.870889640547087,5.269161935557264,2.1428026316470117
130.9957850694393,133.71968351341343,240.3028113349568,103.09523410736121,837.1350065959789,156.18040567481492,0.6960584188282778,0.7289692353194077,0.7466386398040858,0.07975089370615818,0.832411149275047,0.1743771420265139,1.0158730158730158,175.29843340074842,91.96552385131503,10.645630562182085,0.1644933538685604,0.1675400566334759,0.16502486397552937,0.1566549191784536,0.16904687437009402,0.15721745533397607,0.0,0.0,0.0,0.0,0.0,0.0,1.4667692454408794,2.8573861706742605,2.2342315269375064,1.4541824970917878,13.193137032478361,1.3828201383902252
116.61287405932379,252.32169487892605,122.03660434397334,338.8123203805676,83.80806672493706,105.04400622068,0.4410607968850203,0.7908746030842686,0.9409725800629128,0.41623824346247174,0.6516716409854393,0.7882241430327579,3.3373015873015874,94.36974049861463,188.67954912466092,7.056015442960624,0.13841411454634264,0.15155467867255104,0.16212554162245674,0.13844714308609468,0.15543569017748365,0.15998328934561146,0.0,0.0,0.0,0.0,0.0,0.0,7.580819961347515,10.401011418316457,6.199147061479245,24.237381785285464,4.902549998515461,6.456572632540336
286.0234873916817,210.46890170901742,181.92581725300016,530.2926960160198,368.5843626794681,200.88387476163288,0.29763672903800786,0.9434772420611139,0.3076365718411258,0.8770801479959656,0.012111493606326018,0.9164800657304576,2.4801587301587302,210.04848611935876,229.6949045790842,5.880320075830426,0.16834346130546335,0.18841521909574077,0.1664480654447888,0.16781176832618327,0.16628928179026392,0.17071334989727782,0.0,0.0,0.0,0.0,0.0,0.0,4.336934130926082,10.539641072309067,0.40837346077180214,3.0410054895805843,0.483600856162681,1.4764362643687576
127.52417569824166,124.31240600528015,69.06367752305216,112.03100845059299,113.91529836351997,151.47266460995033,0.7890611218365308,0.01954874035029186,0.5598593055806989,0.7571812445880519,0.3725877191216763,0.5740720603134738,3.111111111111111,47.38875824105711,145.17019740585775,7.86433635539889,0.14777015531828613,0.08604139690153706,0.13924721344992846,0.17792451340247376,0.10987635461766948,0.14817024656396655,0.0,0.0,0.0,0.0,0.0,0.0,9.413709992306714,4.290978922249918,8.504684773634537,18.1727918863133,7.697393738535565,19.72240613346633
97.14344453081999,214.4525985028832,220.43830223954663,212.87312342569092,141.86924990229878,284.85114420563036,0.40885894480386376,0.15515710544528505,0.7726867637390882,0.737226226087412,0.0997497140424628,0.02013422095751005,1.9206349206349207,102.64046167499932,181.02570946139267,3.909393763473995,0.16618925237467685,0.16636888897758617,0.17229872305972468,0.16941777095272187,0.16651044287456673,0.16641197102532168,0.0,0.0,0.0,0.0,0.0,0.0,-0.07019981994773872,0.0020997017529982287,3.4477637790285556,2.0394848959124303,0.14296287267869268,0.09963827585305163
197.0182419114319,93.67404373967213,143.05139316940887,273.059187943032,108.02366186052201,179.40132418597207,0.9060351440202081,0.7732146660111254,0.532644826453798,0.44676875311120245,0.705902014370345,0.36215693319990605,0.03571428571428571,65.92162113848791,3.567604090011517,5.616249440694851,0.16678860585688085,0.16674445036643668,0.166836283096106,0.1667553620945888,0.1668867421665981,0.16670193193472022,0.0,0.0,0.0,0.0,0.0,0.0,0.0403643612197504,0.028840999302205128,0.06048592182722129,0.09518437426587845,0.06190530867790717,0.02703418028559934
158.26545579873454,105.4446291857947,54.719562825656986,172.60186832610674,141.68647235696477,33.98792977056093,0.15975020358855196,0.36583141760025173,0.8605975181471378,0.8566109787997509,0.49061698678041055,0.7491460664626745,0.32142857142857145,16.321372543541095,20.732682119882053,14.139695446683492,0.11014103897442179,0.1187735336155781,0.12864752583050315,0.13127359471022954,0.12074383865048718,0.11951668414360506,0.0,0.0,0.0,0.0,0.0,0.0,1.591115847663848,2.862221190780085,1.1797838978857473,4.0539107515327615,3.4314456252348333,0.4980373316605523
306.0968901484641,206.53644983291065,274.20712799421244,520.9325039474617,248.099205751668,820.5169198182933,0.7783081779522236,0.6424322734098624,0.21550286271292118,0.4333482361881832,0.5286252504094613,0.41895085728842296,0.4801587301587302,299.51185041739245,47.329173542611386,6.594160909706501,0.17081808746560717,0.16830636347262468,0.16661974590872436,0.16632084833087948,0.16684026073749286,0.16734599596025213,0.0,0.0,0.0,0.0,0.0,0.0,2.984472657540234,0.8585545262296908,-0.01805319445910225,-0.5521258687524373,0.1874713280391891,1.8197505227146742
135.21984852288418,70.89968173073996,126.99780217126806,223.97449751044562,175.96387543477954,173.56318716947237,0.20053630990800209,0.9928796351976527,0.5167540595958834,0.5518178090159964,0.6160761285778855,0.8028023948664978,4.321428571428571,77.59027813324624,203.51525630689912,4.8262127832888595,0.1020656300727363,0.1487409548578728,0.12786019203088034,0.14165121127565383,0.14647178628770205,0.15325696219386037,0.0,0.0,0.0,0.0,0.0,0.0,8.838211221087434,0.12890901604816918,8.525865977621507,13.466393283634105,11.115552168221868,11.106320889016118
182.78540653154516,94.65002840354092,99.5699076758785,266.4106633683378,300.449378328812,142.66852009694384,0.04455805235149457,0.022734039922783666,0.2289871493986142,0.684443370131337,0.23612083533051287,0.863698406973685,0.03571428571428571,81.18825547692276,3.567604090011522,3.213108265838332,0.16665681216398046,0.16666413380043354,0.16664972368253594,0.16656342025126938,0.16670610525043555,0.1667477678393347,0.0,0.0,0.0,0.0,0.0,0.0,-0.04032083179712837,-0.010050527900530917,0.0032027547427591896,-0.03339433637518585,0.07317588126659486,0.025843959850226472
193.69473457928234,159.17524239097983,118.05294939813574,162.36020258001312,121.68931608437279,149.05510536659608,0.16078348946383525,0.8926775331030751,0.8443354940023856,0.8579330584482159,0.03265598117231405,0.5691872905749229,5.142857142857143,92.10057477288126,226.1670086187866,6.867950158675336,0.10288366874947161,0.18641533637081453,0.1933514961214362,0.1878691529837156,0.08875548543334275,0.14993098929082366,0.0,0.0,0.0,0.0,0.0,0.0,21.88886490519538,16.048043171322348,14.850010565807224,20.166808202451506,12.098729720222057,15.796906722991267
194.86492534849927,170.8694797703408,256.37248653767443,314.69664815355475,109.37207500911181,116.07703963407639,0.11089806804923452,0.9377866381857298,0.13100213150016193,0.26283666836092934,0.33516398240691536,0.6246279640439408,3.111111111111111,108.25929357935755,278.98598452528614,4.5774076634420915,0.164738808998317,0.19557168911768047,0.16472205023893507,0.16602868834093742,0.16587197827169908,0.17052188638255728,0.0,0.0,0.0,0.0,0.0,0.0,1.2388671846342127,9.983877614818027,1.1752069669742369,2.5102170866991784,0.9423887198977461,1.7814878687472557
339.89658972332376,223.48911996743558,138.09484011472074,92.00796838798354,127.49398997866534,231.00006877991524,0.7508430155980929,0.3642803936707676,0.17759627536913947,0.4033404646428108,0.7847885064759241,0.11195514746957347,3.5714285714285716,111.01988339036787,273.4443370822162,5.177745993714275,0.17237892766066798,0.16115807050993908,0.15004216279501933,0.1704410855679578,0.1806472732992283,0.1452068165967732,0.0,0.0,0.0,0.0,0.0,0.0,8.666450207069516,11.8096453983526,6.1108643177291615,6.776303252000897,6.469344929516026,7.794034286143656
152.78833505305025,144.1352354712108,174.3126137715493,530.7965377506762,119.67606379239395,215.6319613330739,0.8473321379664329,0.6185519715804705,0.2033134624555658,0.05650012288259787,0.9819621351101177,0.4439648363681945,4.861111111111111,136.77130904426437,418.8442251742789,2.371167994036189,0.1668360412949821,0.1669954874526817,0.16707940795522602,0.16641472197566595,0.1642802036764577,0.16813926769465856,0.0,0.0,0.0,0.0,0.0,0.0,-1.4746094858703884,-0.4596830543671757,1.3811136480052113,2.3307300120691963,-1.3774146542033208,0.8925797587925928
177.04778201277435,158.04383124638042,127.57750332694032,239.43420854436778,99.14980678976754,125.34590886329948,0.6425588488376079,0.7011374210148787,0.39588110915351526,0.7371587026887,0.9915666515186401,0.6119482073284284,1.75,73.13708947584904,103.80861628317578,9.831967991268712,0.14056925303736606,0.14452174893115727,0.12510647440957934,0.14581620984473098,0.15835042094059032,0.14482705883678076,0.0,0.0,0.0,0.0,0.0,0.0,7.321518422061217,8.107177769039463,7.010240875043868,9.512340176379766,3.8592623830730624,6.831585786433742
241.0135850546049,293.93809369496864,439.8669810018398,284.9278596036872,186.94405170093597,255.09720842117218,0.641441052748454,0.05056373192967889,0.2108912186465971,0.8994717781122422,0.8237160226403486,0.0595476750512538,2.4801587301587302,195.6008760029102,230.2244384386222,4.3193875892450055,0.17304342937264233,0.16677333240353312,0.16725338398091177,0.1707637639477565,0.17617259650554318,0.16676585107540914,0.0,0.0,0.0,0.0,0.0,0.0,4.538453650073649,0.708787548743385,2.2625406862741144,1.4625416809938656,3.448157680595102,0.5392365138229263
42.792201491966104,155.77144506387418,68.07970650138367,158.77350300181223,155.97773216682288,533.3376681520195,0.7110591160613744,0.8943825525157232,0.9930370163937596,0.22744751637974703,0.16794886366806672,0.9121068403608966,4.587301587301587,125.75110058252237,191.16116654256336,6.570242230150919,0.14073531616924112,0.18825389521541658,0.16097014861047004,0.10533550529385319,0.10046840238900909,0.16635208943799804,0.0,0.0,0.0,0.0,0.0,0.0,3.2756773633847835,15.850855894898103,2.331846230863462,17.716806774991557,19.52582069679856,24.864601711162663
138.23537742299473,190.90857721283308,184.0154666460365,88.05782488790331,199.72724991468348,207.1982220430957,0.25315977997474615,0.8802392877759802,0.06962974302737968,0.33183877884636537,0.2630274430059466,0.6558557270522489,5.432539682539683,91.15046289474638,328.85777630997177,3.438542487501012,0.14490390297613892,0.1611985784890029,0.12699032002314953,0.1433025133063882,0.14511383036418607,0.17331211693099507,0.0,0.0,0.0,0.0,0.0,0.0,11.990671728817563,-1.635647448510042,21.390748849251157,6.0509240766158,17.46654107647123,12.108200340014449
194.56137648701073,147.8992786568517,185.7736353570566,241.98333353583487,357.3217204504529,168.1484392638243,0.5180375143163162,0.7442686751041597,0.09279463764045504,0.28519239449581846,0.39433649032659157,0.20505067817535905,3.8134920634920637,135.8407888756615,314.54682886825015,5.23653336197357,0.16738131299035142,0.18720674071751847,0.15600288881143226,0.16321745183880088,0.17481546771403494,0.1613291271388677,0.0,0.0,0.0,0.0,0.0,0.0,3.1418933560923676,10.13341123729262,3.5400086660658285,5.41613657311364,21.949853491078926,6.670472702161998
322.41187062074863,363.0085746185109,120.10362105428338,68.43586453107885,170.59035232864335,286.7413178215222,0.1171159527384662,0.9054950847266413,0.5688887674146983,0.027885528599934095,0.7627289150413087,0.47343515319618257,5.73015873015873,161.5578920368626,398.5238863379343,6.091583538537708,0.14598520718184754,0.19652307555474996,0.16993283711402987,0.13920074255596102,0.17536303730457373,0.18430668617222729,0.0,0.0,0.0,0.0,0.0,0.0,23.875166720955683,18.148106876885493,8.518662391517125,3.934844327614929,7.324442713858872,34.066762091299694
71.50601521321788,247.15883750213257,195.35728715276596,57.72372801870039,39.93322368357933,205.66652718693263,0.4663920923238779,0.9097557801887334,0.5443454964405646,0.6949250581808403,0.9126682464127953,0.30240685854509386,1.5873015873015872,54.18607243371646,90.16347924224286,9.665120679342536,0.11652747341527259,0.15734563098576002,0.13275907529549497,0.13986131926542297,0.13318988322014869,0.11883224371058665,0.0,0.0,0.0,0.0,0.0,0.0,2.68050414143086,12.051140444716282,10.191579182016088,2.5818296254395285,1.9588202180039227,12.994685696152665
