S,VIX,log_mny,atm_iv,rv_20d,corr_S_V,bs_delta,bs_vega,bs_gamma,hedge_ratio
98.94561105128973,19.70904125334323,0.03439813595575616,0.1970904125334323,0.002355879290806665,-0.6347068382904463,0.7379456543799677,9.238518157784519,0.058252605911470745,-0.04718993701075934
98.88265785799742,19.707504876995007,0.03440054796637954,0.19707504876995008,0.0020959620000070146,-0.480274807959645,0.7379742964067009,9.232122961016785,0.05829097031100897,-0.22381306218340105
98.83919872285148,19.7003647920543,0.04419163878318006,0.19700364792054303,0.00211910400147435,-0.4878673087591807,0.7912254630788098,8.138486072590629,0.051449662986592856,-0.0980698272051764
98.8309167192826,19.652557206010883,-0.036617614577493546,0.19652557206010884,0.002630764260256805,-0.6463865788020207,0.26705501824941513,9.316984174862432,0.05905303882100817,-0.5945375804595152
98.7761343101282,19.656908355438798,-0.010111501174320957,0.19656908355438799,0.0026277055258429774,-0.6537834280726684,0.4398896294500839,11.168857927892105,0.07085346799511795,-0.9917802252059816
98.73204794415219,19.65491133742546,-0.020807257779604467,0.1965491133742546,0.0025588594403234315,-0.650579572392484,0.3665204503855899,10.654178674257414,0.0676556709830324,-0.9344380316175945
98.66685142557823,19.633617711974054,0.047941550570419614,0.19633617711974055,0.0026190910247134466,-0.5876790491050171,0.8105338574753822,7.662812217902106,0.04877720635023179,-0.7233348157045547
98.61588473915837,19.645775215368445,-0.04699098521619952,0.19645775215368447,0.002609684568932932,-0.5823939469527307,0.21007650077585377,8.14985567545574,0.05189895416931475,-0.6154039737105544
98.57429598570583,19.636681221271175,-0.03324426408004228,0.19636681221271177,0.0026035062648941906,-0.5814432691522152,0.2869314807615567,9.62526286523356,0.06137461073299891,0.27680398888031327
98.46486316910091,19.663548193359688,0.02876608893217242,0.1966354819335969,0.00331242274593989,-0.65321471468326,0.7048710521685582,9.741941189713268,0.06217168856548787,-0.9221586694111532
98.43148307192132,19.67642229354368,0.03181750327928992,0.1967642229354368,0.003378626537661664,-0.60780907057613,0.7231550236706286,9.447008517820539,0.06029089411591129,-0.6287738187789681
98.39180173176716,19.684930134222,0.0316595490146566,0.19684930134222,0.0034025889391602233,-0.5893478157310565,0.7221396102051004,9.460120099745813,0.060397165226302015,-1.6964039610025696
98.32858318910517,19.702051781455886,0.019575775704046117,0.19702051781455884,0.003348705545482787,-0.5724626584678715,0.646100561609849,10.483299964018661,0.06695740337702054,-1.6771020870429845
98.28172958080603,19.677233523827653,-0.002475643163223738,0.19677233523827653,0.0033144793530792173,-0.573494072521455,0.4937456684011127,11.239414227802294,0.07194583644110662,-0.8143329130955939
98.2202177886863,19.682435950087555,0.006805498135788429,0.19682435950087557,0.0031473033561473084,-0.5266866458037042,0.5591519011121399,11.110048425667392,0.07118802253428588,-0.07504678811801614
98.1358092450544,19.730975960107962,0.020877085980195952,0.1973097596010796,0.0033662634619352,-0.6388448913913473,0.6544460806363126,10.372099557826326,0.06641018695637439,-0.522978631902812
98.0741138918387,19.753688882454245,-0.011185289472238024,0.19753688882454246,0.003237350576242511,-0.6222201885907486,0.43282280039169807,11.057644147565272,0.0708071678846083,-0.47833863075517685
98.00996920237688,19.75613473422228,0.03605061393479573,0.19756134734222278,0.003247142381839911,-0.6281516495472773,0.7469161392843929,8.987098414720593,0.05761673211472009,-0.4653357825045032
97.92870600117193,19.77973793771003,0.020785535146478042,0.19779737937710032,0.0033747532323775077,-0.6983241317445453,0.6535407999471515,10.36027846156972,0.06645114568770764,-0.48220125888252685
97.87386851692767,19.764005582153167,0.013363815670630804,0.19764005582153166,0.00337499633324472,-0.6875246150015024,0.6041808424783474,10.810247662498384,0.0694702364168126,-0.4508692071505387
97.82909407677916,19.735133438983745,0.004393001578296429,0.19735133438983743,0.00339006116571345,-0.6909509189656283,0.5421823597869896,11.126421198059353,0.07167223956408493,-0.4941771586814171
97.7710773371272,19.74272811607166,-0.02851759613930138,0.1974272811607166,0.0033590171680031216,-0.6876923658598373,0.3172016293425273,9.98687657899166,0.06438331385512788,-0.6105568901140012
97.72098955461803,19.72209477688642,0.030032621784163917,0.19722094776886417,0.0028358677290823632,-0.5659210592134163,0.7120663782758943,9.557689669529383,0.061744145006570314,-0.6016894300347588
97.66652357313802,19.71589801410518,-0.0014234438413609958,0.1971589801410518,0.0028353165025349707,-0.5685925701980606,0.501228237146384,11.170379603978253,0.07226558456841138,-0.33219994055069996
97.59025401320443,19.74114361016984,-0.009241456886204239,0.1974114361016984,0.002851598823864652,-0.5907184885537536,0.4463099593001963,11.060475482144012,0.07157480977062662,-0.5291549675615573
97.56775713197302,19.71593408811009,0.045354958728000334,0.1971593408811009,0.003146980907744073,-0.6906006192809198,0.7969188783366162,7.90310263088761,0.05123175468096923,-0.8317856984350689
97.53804178726189,19.68106120963865,-0.010754485190143947,0.19681061209638648,0.003298286259073642,-0.7368350831017991,0.43549943521910606,11.009612168226267,0.07153968995859725,-0.832455302791395
97.48573427541216,19.645566294803984,0.03294758763127065,0.19645566294803984,0.003250791814033481,-0.703971001405689,0.730110175512866,9.23908983556755,0.06020798782858168,-0.6608157937826675
97.44341465667982,19.628890687872833,0.04349484070147206,0.19628890687872833,0.002621708054790129,-0.7183931810212346,0.7884472382425467,8.086101171055832,0.052784940393759985,-0.653487758784599
97.38056367685834,19.623018882937437,-0.04488855372533342,0.19623018882937437,0.00251941488396927,-0.7985317333389843,0.22071390396571094,8.281748566145959,0.054148104825010444,-0.6617133085153533
97.34996177347556,19.628026843413025,-0.04656320330745585,0.19628026843413024,0.0026130957650689806,-0.768970388677549,0.2120484919171423,8.089417243515225,0.05291034974393467,-0.011629013600492233
97.32094314175,19.634378657231643,-0.03083973481164607,0.19634378657231644,0.0027507490248748477,-0.6837640854980026,0.3016268596189438,9.72468505142477,0.06362347331414743,0.4716133966357448
97.28144526010014,19.637248376517295,0.019538623082662968,0.19637248376517297,0.0027842832173507405,-0.6626437232715224,0.6462459110432599,10.37013917814814,0.06789152022712622,0.7626151098530056
97.25266397677916,19.647735394966464,0.040232788599361566,0.19647735394966465,0.0028903778692498175,-0.5873618001759572,0.7710833655843564,8.443784199558896,0.055283206080353024,2.279023412673751
97.19906394701707,19.66489509336906,-0.018423302651215834,0.1966489509336906,0.0026035309534301514,-0.46244513785142494,0.3826241947954683,10.632260307956816,0.0696275977240613,-1.1965772015430212
97.15721228531163,19.653994685033517,0.005984750626039797,0.19653994685033518,0.002572874207474689,-0.4377565820274477,0.5534516981906641,11.01229049660426,0.07221848014745377,-0.14188981450192464
97.09211390633531,19.65479870670195,0.03779617651552206,0.1965479870670195,0.0025866488863773972,-0.43345663481569086,0.7577024425636124,8.698227963225243,0.057117064810414044,0.007716153234947402
97.03324182768402,19.67243389081747,0.00048230898887300733,0.1967243389081747,0.0023105219196778663,-0.3491574391683879,0.5146583354708885,11.090509825859119,0.07284905857969855,-0.18613743719019787
96.96546098268585,19.67166961437514,0.04656114788847824,0.19671669614375142,0.0024211467345511147,-0.3703663715364388,0.8033909172132071,7.702790962216241,0.0506692373033485,-0.20873150871126095
96.897888448904,19.6801193294318,-0.040932040207878106,0.196801193294318,0.002524275215707024,-0.4002026871909051,0.24281917637263456,8.690943549510951,0.05722452348135254,-0.5185193749281711
96.87088749307671,19.65772637537583,0.024122001839998294,0.1965772637537583,0.0026202058710301595,-0.4322482876937593,0.6758770077905725,9.984472947849216,0.06585320426066026,-0.8969862600141117
96.79900421932929,19.664196022522265,-0.01625222843539824,0.19664196022522265,0.002772309860976829,-0.4673468483684764,0.3973942557002235,10.702986501484935,0.07067382767201087,-0.9541110367654249
96.75633997493021,19.692482419786128,0.018828892391059063,0.19692482419786128,0.0027704543092735294,-0.4085815796335265,0.6412265560688416,10.365465907362621,0.06840708858412076,-0.3566377394781847
96.7462895269279,19.662266967027044,-0.0020068021177810647,0.19662266967027042,0.0028736387556356187,-0.4202678322523594,0.4970416422365447,11.06487819732505,0.07315028515469169,-0.7561085774064941
96.69111089600545,19.67261218716579,-0.004671027934328039,0.1967261218716579,0.0027688657635229945,-0.38287934761777404,0.4782204510552488,11.042387334779297,0.07304650747085246,-0.6993033008262703
96.65192768854003,19.67938382741525,0.03151455444744736,0.1967938382741525,0.0027090154561419492,-0.3094631968381647,0.7213275043816173,9.306067313735484,0.061589299196397655,-0.692355010195486
96.57231945590442,19.701759924950437,-0.04695846277645588,0.19701759924950438,0.002967451487947877,-0.4851184172311721,0.21095009214089655,8.00043205434851,0.05297545598667388,-0.8719780996378292
96.52570696628196,19.687929725207066,-0.02751328233611153,0.19687929725207065,0.0029591341768484044,-0.47470302688140237,0.32303591207834914,9.935125925950837,0.06589598483699133,-1.0715537052009922
96.46762921540895,19.674763889356665,-0.04394989415641895,0.19674763889356664,0.00293442565835702,-0.4625232049767257,0.22633520882497016,8.322316555809449,0.05530228813402384,-0.5184772523219654
96.40509073875629,19.692089202085768,-0.03948273504276486,0.19692089202085766,0.0028992599903463526,-0.5029342684196153,0.2510679051516971,8.802719802343672,0.0585189813944266,-0.5343138493925416
96.34546051714729,19.701565034147066,-0.009789997881108634,0.19701565034147067,0.00280482498909244,-0.542106343758957,0.44232138111445796,10.903967871307245,0.07254256915764534,-0.5713756696995235
96.28172083745054,19.714564782467704,-0.042187423502311694,0.19714564782467706,0.0028011006267395565,-0.5573221690703933,0.23633018019993923,8.508920468207446,0.056646253620969214,-0.3633111883373282
96.25270689848152,19.71707997455676,0.041150749794808,0.19717079974556762,0.0027947200639680376,-0.5991495590819603,0.7752491680186128,8.270826993112394,0.055087370723105294,-0.3409255629789333
96.20537155257138,19.699237979792755,0.03040171375808554,0.19699237979792755,0.0028005767511682074,-0.6013193461030811,0.7144901775937683,9.371816732990117,0.06253848091524392,-0.5523036604998589
96.17141799721647,19.68698543692065,0.04547727110894625,0.1968698543692065,0.002854129059623758,-0.6113217219106136,0.7978515215342247,7.76859499540043,0.05190902018107311,-0.6103676308127214
96.1315977754739,19.65143938010126,0.017466966923673395,0.1965143938010126,0.002839583542202209,-0.6133203356743614,0.6323949627140191,10.383716375854998,0.06956611327365823,-0.263065570917295
96.10307976816667,19.635088871103722,0.011132271031051697,0.19635088871103723,0.002930033851882397,-0.626201799610818,0.589362434566262,10.714696005663672,0.0718859441762746,0.3095542026916011
96.03418073704901,19.665457386014083,0.022865096822610464,0.19665457386014082,0.00294669745557829,-0.6728661415025136,0.667764734922674,9.99761382887778,0.06706751944875339,-0.5049956914899081
95.97541681780609,19.67864826971001,-0.03287375091519297,0.1967864826971001,0.002889149252332434,-0.677536365940093,0.28962364312749256,9.412861649146755,0.06317976526276353,-0.5633156325803007
95.9206683896823,19.681200673931965,0.01432466733064095,0.19681200673931964,0.002770825668853608,-0.649305987568396,0.6110613835058377,10.542836038955768,0.07083584517123473,-0.5388873273601924
95.8722339315617,19.631705862502532,0.021906549031261904,0.19631705862502533,0.0026416110032797054,-0.5665945026726277,0.6617950342793686,10.050579055795112,0.0677671093860392,-0.3119608831921301
95.82640368062486,19.622956174652348,-0.004269608315824875,0.19622956174652348,0.0026326409175285318,-0.6346871131760313,0.4809514825108558,10.947476344275433,0.07391810287241085,-0.24457069001481463
95.79532288668923,19.61328081094431,0.03590757750252369,0.1961328081094431,0.002275120702445576,-0.5821522361872776,0.7475194218854972,8.772994192802942,0.059303536676684365,-0.13673774072306016
95.7501088954414,19.621724427689834,-0.030219698075403978,0.19621724427689835,0.0022728303101253477,-0.5609797476361327,0.3053492898259599,9.620284015322795,0.0650644522872686,0.006042248170332775
95.72566181148159,19.588842821170445,0.04254493563202298,0.19588842821170446,0.0024256039646563692,-0.6443345874607315,0.783964726955727,8.041150952157707,0.05450348697002455,-0.0392058636959831
95.68595460165383,19.618047974331347,-0.04868869366005176,0.19618047974331346,0.002131807028266875,-0.49594295519737125,0.2011389612754288,7.706234767365319,0.05219893774486124,-0.25472758686687186
95.6458396904418,19.593663686257358,-0.027224476929665772,0.1959366368625736,0.002144629031421708,-0.5080492664797426,0.3239918666025752,9.856566434196354,0.06690359353828923,-0.2047981822896527
95.5818863530617,19.57861802083016,0.03012843184658283,0.1957861802083016,0.0022065774508308535,-0.47920875410610736,0.7139036907916062,9.320171388553046,0.06339606185605681,-0.10704632810762442
95.5336052401179,19.584186436901508,0.04944778828763982,0.19584186436901507,0.0021230654155164094,-0.4422308739867732,0.8182645769579251,7.230129110725167,0.049215261011281,-0.1236570026977
95.45856113899966,19.60895116412475,-0.03154614284548327,0.19608951164124752,0.0023414379716575106,-0.5015924926691262,0.2970030108195615,9.471980305368993,0.0644953291347489,-0.12173703955897285
95.39463500202599,19.65083433942773,-0.02068573438476179,0.19650834339427728,0.002349637134087737,-0.5351753709942955,0.3673016086328228,10.301302978209804,0.07008658101767673,-0.31754937653649495
95.3412248535576,19.689091740620555,-0.022900716804098806,0.19689091740620554,0.002255390908523233,-0.5708589264673568,0.3529082843510019,10.154612357265963,0.06903158138675684,-0.031791822511822075
95.27694520505294,19.70077580969504,-0.027127034668594698,0.1970077580969504,0.0023371882257588643,-0.5808819787614474,0.3256160482175564,9.838706009481221,0.06693459131023476,-0.14684324174094215
95.2126144296799,19.72042682685851,0.04259553482659075,0.19720426826858511,0.0023286403973159873,-0.5891540104198404,0.782799303285173,8.02298402101585,0.054601207268066373,0.23687762376478072
95.18029989601061,19.720890136742053,0.014153427145572713,0.19720890136742053,0.0023910180476983994,-0.5551209911091127,0.6097254874060848,10.471680052774039,0.07131277275650202,-0.42221622108583057
95.13920420242816,19.696234101975286,0.03841309404748706,0.19696234101975285,0.0022657519923930283,-0.5476627794845116,0.7606840153253691,8.466043139970154,0.05777631788571195,-0.3395456103215997
95.07361031385611,19.711573569964692,-0.03631034258755942,0.1971157356996469,0.0022376320859701666,-0.519699345905827,0.26951632197202824,9.004235904187755,0.061486136797812646,-0.6480573376443416
95.02173783906333,19.72368199025562,-0.012329812682755775,0.1972368199025562,0.002217257841043467,-0.512822321019796,0.4247423013707372,10.6739872760052,0.07292297214273631,-0.5750020664156644
94.96504530907853,19.69333326944364,0.01691019751473498,0.1969333326944364,0.0022262379937517712,-0.45526280790599216,0.6284467126948255,10.293502570262234,0.07051605323437873,-0.1456365605635146
94.91790700421221,19.707749483030977,0.04364416497139765,0.19707749483030976,0.002227563778666633,-0.4900449481593786,0.7883497411746858,7.878652961575172,0.05398713009458497,-0.12936813101880837
98.90753576144033,16.45594249618393,-0.03872127425763253,0.1645594249618393,0.002004925643244263,-0.17295435063458126,0.21267774196568345,8.23308892732802,0.0622232787115712,-0.05033903502571617
98.88081560585373,16.431532632010992,0.0027785074838049682,0.16431532632010992,0.002210981846493607,-0.3114301643756918,0.5328896918358983,11.270860070683707,0.08535451798373295,-0.2343041837041564
98.8234155295351,16.46607704762227,0.03804057540616983,0.1646607704762227,0.0021881227100475284,-0.3156804280703173,0.7965700290107973,8.013016243943008,0.060625840125482805,-0.2992828153995119
98.75353730065916,16.47078099014757,-0.02132447872229952,0.1647078099014757,0.002249709806163302,-0.2765446388635426,0.33433072327750823,10.306273371962938,0.07806453076341624,-0.6812830470816373
98.69949721991303,16.48909785805078,-0.026078504861689784,0.1648909785805078,0.002231416460509012,-0.2849324063112657,0.2987414281144035,9.819662923313109,0.07437747210383869,-0.6039537760072842
98.6639884281616,16.508094278182288,-0.006127719756949551,0.16508094278182286,0.0022276301699758363,-0.24019990238581063,0.45786578524222055,11.22152063029604,0.08495893239630792,-0.39895161810831004
98.60438483746509,16.492383695196764,-0.027096717995456075,0.16492383695196766,0.0021778471244500454,-0.1629158812177741,0.2913504147895641,9.697643260983481,0.07358036327515906,0.22896526533872655
98.54303756293497,16.507506218846878,0.0006204403635609229,0.16507506218846876,0.002073068660524877,-0.13444761824052553,0.5146669293111503,11.263064489210793,0.08548596541126294,0.39819467871900993
98.47949464316906,16.510821830002417,-0.002273282938199413,0.16510821830002417,0.0019838231381012956,-0.17113851680762013,0.4902835925624688,11.260073826178155,0.08555640628782472,0.38063486495613263
98.4586848351803,16.469314396684325,0.007245898164145016,0.16469314396684326,0.0022682918277977617,-0.39159824456791226,0.57027353806047,11.08587190838333,0.08448077416183031,-0.387486413304639
98.39798305199707,16.47545162099422,0.04745808732559056,0.16475451620994222,0.0022784297313735214,-0.4008837433516289,0.8481117232497142,6.632361828836714,0.050585972064371,-0.7116297131195092
98.3469753214275,16.470429047945952,0.039210857300669595,0.16470429047945953,0.0022757634395650485,-0.4137704668630059,0.8034501136683109,7.811111180507752,0.05965646308927621,-0.7886118351855504
98.31179154574355,16.44231113460727,0.04685708143132659,0.16442311134607268,0.0023566859413196636,-0.4655083552140591,0.8455650796137493,6.699978574008206,0.05129451653815407,-0.8571966992771782
98.28426254471003,16.443978270669525,-0.013641041126378107,0.16443978270669524,0.0025069183458833267,-0.4489183028777774,0.39520422725305915,10.850984664183965,0.08311241435865466,-0.5453380036201637
98.21869165489072,16.453754688977586,0.01856440189236732,0.16453754688977587,0.0025390129194943416,-0.4342463297903458,0.6617110390681379,10.297552258100533,0.07893185453358136,-0.6207831777688635
98.17472471522196,16.45773836939812,-0.0008570691164703688,0.1645773836939812,0.002548477368933523,-0.43480641032733347,0.5021648887818443,11.228391805551718,0.08612309526138624,-0.46987920124079224
98.13024721014173,16.436925748702013,-0.040756647392609195,0.16436925748702014,0.002501089303246395,-0.4485756156444107,0.20008043780315454,7.878091833262401,0.06055726737817828,-0.3586181390192349
98.09487697044229,16.446949361492198,0.025070777085112565,0.164469493614922,0.0025487065498797337,-0.566929432985692,0.7106477068010469,9.616494923866759,0.0739282468703187,-0.1394077161338534
98.03522802731959,16.444510058065166,0.00896170769643705,0.16444510058065168,0.002515859679429189,-0.5723106242724568,0.5845942413752213,10.959568145759912,0.08436839468815835,-0.11222204603963883
97.9797840398062,16.43193785096103,-0.025555113854304805,0.16431937850961031,0.0023179701375006328,-0.4819590361000531,0.30191020214323927,9.794652293799244,0.0755438116094687,0.3171787328269066
97.91761628162644,16.436972814605184,0.02712018345083789,0.16436972814605183,0.002204303253360654,-0.423795101094148,0.7254390952402,9.359497221488311,0.07225711669415838,0.051666058592931954
97.84878577287228,16.471688552205464,0.0423020090171208,0.16471688552205466,0.00229354746098035,-0.49129416415782995,0.8210585095760005,7.333703143082203,0.05657778390682508,-0.2055482263147168
97.78449463588423,16.48124711182118,0.021024854708623295,0.1648124711182118,0.0022461384357792755,-0.5089183595127511,0.6803197412488151,10.021048809825862,0.07736681616897707,-0.2761832683570505
97.73442580682412,16.49811071227415,0.0338778712745996,0.16498110712274153,0.00224370814604687,-0.4966591213363948,0.7703209885067892,8.501444602576385,0.06563492505121854,-0.20146778396405177
97.70562658802045,16.463420692254424,-0.04296976523425736,0.16463420692254424,0.002315010463507599,-0.6576511709401166,0.18759517828223676,7.541866633506366,0.05838364881301946,-0.5499214561450598
97.63916320247161,16.485237149815806,-0.030812037956441597,0.16485237149815807,0.0023696428565602714,-0.721697039816622,0.2648990480189589,9.166914531445993,0.07096619093379807,-0.5766731336243125
97.57726782866385,16.48818967160463,-0.013340375651042308,0.1648818967160463,0.0023768913586862325,-0.7091412144295163,0.39797949145292716,10.793284289175281,0.08364788105208136,-0.5954620186624799
97.51210691476017,16.493212673134554,-0.037146059018771806,0.16493212673134552,0.002394464450854001,-0.7104190744448814,0.22304703928898112,8.342888722304714,0.0647240554451224,-0.5858092431020572
97.48131067007529,16.477326994618316,-0.030367207689911357,0.16477326994618316,0.0022396528311330335,-0.6429510430382533,0.2678850657901396,9.204147729602873,0.07151970432761914,-0.8109106879250756
97.41348700980897,16.48687164343237,0.03134299411139652,0.1648687164343237,0.002299520398325954,-0.645818179890727,0.7538788941374263,8.801001067558385,0.0684427179125231,-1.006213029394377
97.36413505000411,16.49276222382365,-0.03925589984899788,0.1649276222382365,0.0023006261844983346,-0.6422627178379249,0.20995243504031974,8.043615504200396,0.06259382543055153,-1.3597969611065754
97.31063212393354,16.5053309023901,-0.00393422419156508,0.165053309023901,0.002210451506729177,-0.5993401562117507,0.4762839484677427,11.110056161549831,0.08648544831961541,-1.0635210705543965
97.26493188406445,16.495004013015006,-0.030744015516406143,0.16495004013015005,0.002009148315740495,-0.6635872512393777,0.2655014492010228,9.142318535386371,0.07127922335620236,-0.8733614042960126
97.20781397093013,16.496407823553497,-0.03960912999234937,0.16496407823553497,0.0019660359924383248,-0.6572723925282846,0.20786072964806757,7.983470973754975,0.06231199015332214,-0.5477926090098179
97.1850147702177,16.45205917123174,0.018199652502813527,0.16452059171231737,0.0022323570364499476,-0.7631335959489984,0.6588924475742457,10.22163460887676,0.08003373577532763,-0.5682148974912116
97.10312895877668,16.462340688108192,0.0389948075472322,0.16462340688108193,0.002462508824621374,-0.7319751360635961,0.8022896705731078,7.739841206231728,0.06066603709498546,-0.7890138463785118
97.0657270240911,16.452354725434468,0.027206483745805858,0.16452354725434468,0.0024381904466091175,-0.8042933887895032,0.7258769016165468,9.270762337761314,0.07276577669678547,-0.9655832068471498
97.0263202593586,16.44894412511251,0.007289221137374293,0.1644894412511251,0.0024846180995301906,-0.8016471490024335,0.5706974690409397,10.922501600214442,0.08581764241072212,-0.9089638668525043
96.95771074409897,16.462359547085175,-0.03180147659224941,0.16462359547085173,0.002550562363961992,-0.8235884203441232,0.2577758830049802,8.976365086116836,0.07056922194276685,-0.912974410791807
96.91614906186946,16.497549514812142,-0.03607305832563441,0.16497549514812143,0.002566326512006529,-0.6876782703796553,0.2299402191512787,8.435633515896663,0.0662334800523674,-0.2217255214606631
96.86432631394851,16.49729650593415,0.049304786946880966,0.16497296505934148,0.0024936247615500824,-0.6638186078712843,0.8568140906630454,6.275935520349927,0.04932982536547937,-0.14973832824587827
96.83438310732284,16.47949283427241,-0.0010747302577567802,0.1647949283427241,0.002566311319778651,-0.6803039570361994,0.5003489595717971,11.075253741655308,0.08720116205737571,-0.27925680111196644
96.78819447183702,16.475594828414287,0.008258899685122278,0.1647559482841429,0.0025696317397586915,-0.6968507763017757,0.5786603593314179,10.854088487614307,0.08556163749308075,-0.2408986163085676
96.7427659078035,16.469568655112454,0.027789218952927044,0.16469568655112454,0.002445253453828551,-0.6579434730243178,0.7297819730580407,9.17425275151633,0.07241409140741463,-0.09560232736567875
96.69320989861623,16.496446995859955,0.038013463266631714,0.16496446995859956,0.002371560911327602,-0.5851674165499278,0.7960001462504563,7.853377521293088,0.06195062804439049,-0.34941921411788635
96.64583150716581,16.48937423646419,0.016238482859637277,0.1648937423646419,0.002328065300910156,-0.5900001252578296,0.6432416047748871,10.333279934920546,0.08162804138968635,-0.31565080577991694
96.60184120631752,16.493755754481953,-0.04429097039125198,0.16493755754481954,0.002251135266062507,-0.587899102854826,0.18061711935264702,7.282763329536559,0.05756750924048398,-0.09032182158591118
96.54563573956388,16.460125568657677,0.017679706797924577,0.16460125568657677,0.0021685757709849745,-0.4514705984026705,0.6547757783244305,10.200401912007163,0.0808891843921389,0.11715081151824408
96.51491040092499,16.429437136340574,-0.001879062174336579,0.16429437136340574,0.0021465993906443583,-0.4916111734464374,0.49348044455359563,11.03724480715493,0.08774467635416025,-0.07290811895657692
96.46975847384327,16.43134198093737,-0.020301895889517814,0.16431341980937367,0.002146451048113812,-0.48738793222603466,0.34185024287462573,10.154795457638317,0.08079553718958916,-0.015490287817391127
96.42835094797918,16.403619691959392,0.013637039762070466,0.16403619691959392,0.0021412713364750376,-0.48192344940704007,0.6230467938427309,10.499975447666527,0.08375499591432987,-0.01989216465656505
96.39424123338489,16.37405090195341,-0.04717820827209602,0.1637405090195341,0.002187138725910591,-0.5099422500793211,0.16316320670171935,6.81037609975981,0.05446084702398307,-0.07797770270874425
96.32279764971312,16.376521374297297,-0.04624472949421124,0.16376521374297298,0.002355423342357164,-0.49959333934642747,0.1681497412957399,6.939105065637815,0.05556422236260336,-0.7431681800170983
96.2808113783298,16.36443415286812,0.02482177041746369,0.1636443415286812,0.002176954794326352,-0.4013804339407724,0.7097084130530412,9.453018575497731,0.0758161357256743,-0.6731819430115725
96.2502282516329,16.329397192452646,0.000275149410761441,0.16329397192452647,0.001820918948843188,-0.4311588496271502,0.5116812950460465,11.003726897010536,0.08849886965930587,-0.9712703857470844
96.2230935606125,16.283163663398952,0.019912169018323014,0.1628316366339895,0.0019148061899835443,-0.5128147739759672,0.6736040059451666,9.946112313158881,0.080265247677182,-0.8587181013232322
96.16246144213854,16.306145736227236,0.02151595056225311,0.16306145736227237,0.001996026714353785,-0.567991292958726,0.6856741390065201,9.784541762306379,0.0789495463459343,-0.6032719740270756
96.11444771076991,16.326838373843707,0.04631130526454685,0.16326838373843708,0.001794973848615264,-0.5349836692707705,0.8444224178693402,6.5821936328400446,0.05309612423318511,-0.4085907912759108
96.05791300809959,16.35906715501237,-0.010956433397989605,0.1635906715501237,0.0018468419895354272,-0.6539742430150208,0.4167703378658645,10.746483305738227,0.08661899676974427,-0.39634786084434503
96.00944122127328,16.35696860602654,-0.00026790232288621764,0.1635696860602654,0.001835462760534234,-0.6530845951329419,0.5070744908797804,10.979180145281228,0.08859532720117885,-0.3826903336075229
95.97132546495455,16.347860294298265,0.044852124875001134,0.16347860294298266,0.0017603993248275422,-0.6508634042421709,0.8365618260769702,6.787918167138004,0.05484844307562759,-0.4034618986273347
95.93825431371171,16.34854178905119,0.02213535357633875,0.16348541789051188,0.0018162246917023076,-0.6086956693497818,0.6899497954763314,9.70414435510228,0.07846323549940418,-0.40839455363503396
95.90083611997777,16.308928457264756,-0.040826588596665395,0.16308928457264757,0.0018348785917485827,-0.617432764193671,0.19771779604771,7.644183985186077,0.062005830144487004,-0.25786173308353316
95.8465699320611,16.349319317601626,0.026043810933302793,0.16349319317601627,0.0018647777280591663,-0.6340878395449464,0.7187298346200888,9.270133205381033,0.0750939168804156,-0.2126567669435296
95.80829049178776,16.302681671563295,0.03551051279087764,0.16302681671563296,0.0018748712833029102,-0.6342561298876919,0.7832281043275395,8.063962714919912,0.06556240708308325,-0.16092809334321945
95.74903961051955,16.29701845150198,0.0010547239722437493,0.1629701845150198,0.001959127517216642,-0.6248609140311464,0.5183191556121811,10.939576064652629,0.08908305283609336,-0.17819666979161994
95.70629904040949,16.321718050042183,-0.048565045411060125,0.16321718050042183,0.0019116636047694384,-0.6682028484826849,0.15517798239026803,6.543128632889715,0.053248840066388976,-0.15131926560068784
95.66574677373546,16.32698069446619,0.02579447284884998,0.1632698069446619,0.0018436288535432694,-0.6355366902155437,0.7171763748872128,9.27721821149845,0.07553888505157914,-0.11138893795594389
95.60387338970179,16.31636964737697,-0.017213554740587902,0.1631636964737697,0.001953237770288969,-0.5876736419461029,0.36519811151180104,10.304191443703065,0.08406418693205689,-0.033238676229616
95.55100654439194,16.335575272499167,-0.026161961532871685,0.16335575272499167,0.001964494910517288,-0.5945196497756445,0.29625220108375816,9.470167742947075,0.07725459418969709,0.428139440452307
95.5224434735459,16.277046066033453,0.026236245600760173,0.16277046066033454,0.0020204100298854017,-0.630029184102588,0.7209142754693181,9.203949085788443,0.07539792227679973,-0.19288365336427318
95.48419758922735,16.268602910572046,-0.022821634861185953,0.16268602910572044,0.0017781260301289814,-0.6864572429360626,0.32061216584950863,9.797232948401325,0.08036404341531277,-0.27221109370643004
95.43697472923903,16.27570792659298,0.013221686728074732,0.16275707926592978,0.0017796867922180567,-0.6871156580216696,0.6204590887607098,10.413980489513389,0.08547028527662047,-0.29847330448589043
95.38021140935481,16.277160148979792,-0.013230583059357821,0.1627716014897979,0.0017499168872248646,-0.6502580927891215,0.3973589879973978,10.545860866358083,0.08664798130932279,-0.3302583746275843
95.33098258201285,16.2947177996982,-0.01335297107608933,0.16294717799698202,0.001591902623109626,-0.5867315386711303,0.39647639083818265,10.534113954729014,0.08654752236115659,-0.3080434237751167
95.28407264975793,16.2998715073564,-0.0035774684074757566,0.162998715073564,0.0015035388632126357,-0.5616046157141119,0.478790045412764,10.882538498283445,0.0894699135994678,-0.3186239677553209
95.26337151002963,16.23145493160672,0.040971022994559195,0.1623145493160672,0.0017713597719054553,-0.6843751778500399,0.8169275265295796,7.2427701298332625,0.059822831617402185,-0.3648391106316752
95.21155891736683,16.220645314152605,-0.03353024955892379,0.16220645314152604,0.0017380961251696684,-0.6439670150699158,0.24265730042856026,8.536611582376828,0.0706333250621499,-0.3742199137602944
95.17718062031588,16.166015601956758,0.01792199350282654,0.1616601560195676,0.0017696624485419663,-0.6620051190417453,0.6590488924713744,10.008707758033923,0.08315358029377479,-0.31255984144265536
95.12467914725114,16.174351251818138,0.03134814896001458,0.16174351251818136,0.0017836662344450443,-0.6758983559940454,0.7577935944839527,8.520232847107922,0.07082878521418139,-0.359672164634058
98.23543140719616,17.963649094031425,-0.0012093058299282157,0.17963649094031425,0.0021948829517614643,-0.7700443601892523,0.5009050024686772,11.235471442269638,0.07885550795573501,-0.24276013235836486
98.1377699890675,17.982724496205087,0.027350422480206384,0.17982724496205085,0.001998362340628925,-0.7757933185620891,0.7109931371767128,9.615298314450689,0.06754706939705281,-0.33966547666071206
98.06047667718109,17.976728792313757,-0.014517279040945128,0.17976728792313756,0.0020107167070447904,-0.7775090568980804,0.3990086289123521,10.854176046131343,0.07639585652340378,-0.6177368001086886
97.98925747403806,17.957497054211892,0.0325633570995009,0.17957497054211893,0.0020766060773077127,-0.8599817353231995,0.7448124894118903,9.024293909746513,0.06367692804521374,-0.693600793456295
97.88826426488417,17.96936656775171,-0.019093773810246597,0.1796936656775171,0.0018821911376968128,-0.8004848878230909,0.3650940479905793,10.549396462850522,0.07454271388729465,-0.7925788015575249
97.80663401255389,17.96997038698797,0.011326465369946347,0.1796997038698797,0.0018573852841904574,-0.8370297210005948,0.5970088472135269,10.85408131827517,0.07682113036519503,-0.8148442595292054
97.7179705560754,17.990209515375774,-0.04367299887367343,0.17990209515375774,0.0018578899204552855,-0.8307705189766599,0.20582989820076758,7.978863297790689,0.05651028990381871,-0.6144665813934603
97.61595570530841,18.006677865952966,0.03624790558540054,0.18006677865952966,0.0019187977829316343,-0.8291473128650478,0.7666840925046761,8.565839305261237,0.060738815202035765,-0.6816955346814191
97.56408143529646,17.978734505253747,0.01589336489497423,0.17978734505253746,0.002290040951373678,-0.8501072353014111,0.6308557642857034,10.552919625149647,0.07502486125010349,-0.9698161159869071
97.50089684331289,17.957416101337625,0.03865264787594112,0.17957416101337625,0.002291534610720748,-0.8611927507207422,0.7812836764134341,8.248811048889197,0.05878978856534887,-0.8756043939688317
97.41666897886113,17.97787571630073,-0.042469361827856204,0.17977875716300729,0.002280083048186935,-0.8805682808715137,0.21237088267753712,8.102152466536184,0.057778610926111605,-0.7685110122152012
97.34142705014487,17.967633178997435,-0.03773393533809807,0.17967633178997436,0.0022844525691964376,-0.884371118795429,0.23985255762809238,8.672606095873498,0.06197762657281071,-0.7967908914417233
97.27312215567318,17.950161793636124,0.02420583722848436,0.17950161793636124,0.0023466661098244623,-0.8908416253612845,0.6900875470878288,9.837261072063436,0.0704679647628579,-0.587831594075
97.1872974113889,17.953099117389325,-0.015998404603417882,0.17953099117389326,0.002289530043486196,-0.8991928764956694,0.38778563398044996,10.672943398859532,0.07657682865992743,-0.5137109123921928
97.08313106621021,17.990872019076935,-0.0317222200201215,0.17990872019076934,0.002285641663080566,-0.8982643773161116,0.27784943655396005,9.334115130734844,0.06697380910817324,-0.5639486831581393
97.00302515324098,17.970859705071835,-0.005520081159946181,0.17970859705071834,0.002285862266241638,-0.8832927091414889,0.46756899001327495,11.057866910484178,0.07956160904205394,-0.5366325574438626
96.92415136590304,17.945172063767252,-0.0029650578356006487,0.17945172063767253,0.002202744545404606,-0.8477629969525012,0.4872721466604715,11.07988279853643,0.0799641150022006,-0.4587536186490219
96.84772872038629,17.944965649865644,0.02581477090995474,0.17944965649865643,0.0021767268940563367,-0.8370514837536234,0.7010771789851096,9.638087583561946,0.06966922296203015,-0.3950675746271062
96.75520063071575,17.961751494615516,0.040689723219410126,0.17961751494615516,0.0021834414331687053,-0.857115721675698,0.7927269886192503,7.933013905765913,0.05740008111688102,-0.3976556713613932
96.69461041868779,17.957705997048965,-0.03972157579533268,0.17957705997048964,0.00229134056228829,-0.8182526794010112,0.2278930006963787,8.374216853589084,0.06068207455068257,-0.21099296474323295
96.601429885165,18.002795111933807,-0.04004180571633312,0.18002795111933806,0.00226501440745018,-0.7858317695437951,0.22662397870714535,8.339861601198658,0.060398117802218376,-0.3238492214700778
96.52285925412006,18.02166213602773,-0.01331014572732681,0.1802166213602773,0.002260430930117521,-0.7632281030130902,0.40835316141761696,10.74703168164741,0.07787623353035933,-0.5518181710550708
96.44128247940102,18.033127976054725,0.016097020895129967,0.18033127976054725,0.0022260190988486208,-0.7531655865901337,0.6320198871558795,10.420669312805618,0.07559101994152097,-0.6016782987669336
96.3785823794615,18.026406697321782,0.015079042538733722,0.18026406697321784,0.0021969866014950735,-0.7647847624450429,0.6246121154168501,10.480908102516466,0.07615532742828143,-0.6200437276767502
96.30927792126026,18.009029470036708,-0.02259556788702404,0.18009029470036708,0.0022233355903874363,-0.7738677861623345,0.34023325438395335,10.119614362201965,0.07370704670401494,-0.4434857036063784
96.24817714862046,17.9855527048907,-0.03971102599525762,0.179855527048907,0.002277966852597711,-0.7826309744106844,0.22832795908875703,8.344496107079403,0.06093445223538147,-0.434098764381813
96.16481278558851,17.98112458301331,-0.038708642426511855,0.1798112458301331,0.002102767863869953,-0.7778200048578122,0.23419048011310012,8.456019043950628,0.061871170344954006,-0.5673120518777843
96.07432250973126,17.994498863570115,-0.027987554585762287,0.17994498863570116,0.0019342269683671769,-0.7596401469070337,0.3026759025867055,9.61509168021573,0.07043209745550102,-0.7715630347475171
95.99421619682305,18.016509715251846,-0.014203164615428835,0.18016509715251847,0.001837559857091802,-0.724846381465778,0.40162098378670286,10.643620128521542,0.07800100203821773,-0.4789655074086462
95.90731465900207,18.013448034114433,0.04158600350049505,0.18013448034114432,0.0018566695463342066,-0.7035411157038395,0.7970362047696973,7.765924462231249,0.057024890267325185,-0.4425429676638605
95.85458336857721,17.97702107573732,0.033837128590538564,0.1797702107573732,0.0020882823186421755,-0.7571742184429716,0.7524784756817251,8.686502676674547,0.0639842483140678,-0.5432227583334113
95.7683991052747,18.00549833844198,-0.03985541885270781,0.18005498338441983,0.00206989442277961,-0.748528198600147,0.2277491107184083,8.291055173587978,0.061084611168795384,-0.4860786586171615
95.71301001899086,17.973777948923853,-0.010642905965959007,0.17973777948923852,0.0022238031445839996,-0.7850652272006239,0.4282714764874799,10.769581488750795,0.07957728461879217,-0.4985799326117732
95.65017265077874,17.980244524104073,0.04908029483833703,0.17980244524104072,0.00204026097628289,-0.7018083433174703,0.8359396768294052,6.781908630404076,0.05015987365989505,-0.4815898678462377
95.61005546862967,17.938306161879453,0.03985284571339679,0.17938306161879453,0.0024025533421887972,-0.7914323730595118,0.7883316848510835,7.936500969356301,0.058886007644569145,-0.5157209246314944
95.50748638970012,17.98810169488581,-0.016350176910805717,0.1798810169488581,0.0026421274728835715,-0.8712048295334079,0.385425729641268,10.469848294873836,0.07763397689334153,-0.6190689892362912
95.43843954568268,18.004926406065604,0.049493841615378044,0.18004926406065602,0.002647792801548649,-0.8530530769993708,0.8376015232303764,6.722277202980975,0.04987122278668468,-0.5878250333011995
95.39326279379875,17.943856085952323,0.033919194858250123,0.17943856085952323,0.0027523904281962974,-0.8757256580226696,0.7533504523848064,8.628392965246553,0.06429102375329233,-0.5111762294105066
95.32282510885574,17.934867737083234,-0.004873378936658462,0.17934867737083235,0.0027161694215949326,-0.8824192591052671,0.4724663902411489,10.87640040046718,0.08120164144098219,-0.5259363003613434
95.22566597679932,17.957983966630128,-0.019189519769269255,0.17957983966630128,0.002780228889889453,-0.8732222815842098,0.3643008061318216,10.254957438719536,0.07661959555853681,-0.5135539736649358
95.13366880955394,17.98207481022743,-0.015196125950260148,0.1798207481022743,0.0028742893807985857,-0.8822145208496912,0.393968490547683,10.494134424062185,0.07845306974359918,-0.5157654243445102
95.0668571145042,17.98509151181851,0.02757306905394408,0.1798509151181851,0.00286451359368326,-0.8734569895278999,0.7124444258941499,9.292329968194933,0.06955451199921053,-0.5654957814647092
94.96528328976032,18.022409938978246,-0.021217922134753524,0.18022409938978246,0.003039808036358681,-0.8893755278972263,0.3501856022226064,10.086318188549555,0.07550255946964492,-0.8050234411698247
94.89234350692583,18.02034622579726,0.026275091250320144,0.18020346225797262,0.003032325477523272,-0.8909944296757917,0.7034746106954669,9.408861670679226,0.07054775822067579,-0.891470408555639
94.79044981761231,18.052050046005093,0.017460030184073064,0.18052050046005094,0.0031508602500674356,-0.8924236005549993,0.6417891015536195,10.149319326102017,0.0761294740445093,-0.9006847343606047
94.70160905900673,18.03796695086218,-0.024649140511802354,0.1803796695086218,0.003179779294427571,-0.8638737100150726,0.32606907853705913,9.784846747127563,0.0735907678991725,-0.4993777716001755
94.61197380746451,18.05409431283948,-0.014963289904721344,0.1805409431283948,0.003182931191293545,-0.8660157066783795,0.39619320492099386,10.45264419763357,0.07869186978231882,-0.41256099489160897
94.5046325156298,18.099877301935102,-0.034922341049417764,0.18099877301935102,0.0033888674354096006,-0.8851032699750961,0.2587990656330599,8.767239862235131,0.06598613209584692,-0.4449221548563249
94.39838335802098,18.14934489897561,-0.015761289230034337,0.18149344898975608,0.0035452023552310953,-0.9065065321981723,0.3909300587082835,10.390581660567152,0.07816663246777135,-0.317746926687711
94.31929965997497,18.1856021845726,-0.006830860333547259,0.18185602184572597,0.0033816810510149285,-0.875497655829035,0.4582075350447049,10.72835252731677,0.08068184560671192,-0.23553400810044714
94.25077725333006,18.164322821170515,0.040632523217190734,0.18164322821170514,0.003403381049498813,-0.8765242380169563,0.7899649450764858,7.788209719099436,0.05872461184656673,-0.4832255180948562
94.17774991553942,18.157553146281234,0.013228419694056779,0.18157553146281236,0.0032712927206693583,-0.8660672325024356,0.6103174979704092,10.356914501465885,0.07824346170495952,-0.4982225729087558
94.0722321329614,18.183461160622922,0.023479763231827315,0.1818346116062292,0.0033191355526216468,-0.8755332115477648,0.683130189051775,9.604796371717354,0.07262068153507192,-0.47426909090889957
94.01742864932405,18.152522535609354,0.025601035662091737,0.18152522535609353,0.0030621851520559675,-0.8677877873238031,0.6977549165559814,9.4032308480342,0.07130089558391159,-0.49743082005561867
93.95145240122122,18.142561903226458,-0.047301055475244644,0.18142561903226456,0.0030406304062294554,-0.862544592567885,0.18851012758057129,7.27389557960065,0.05526282243592102,-0.8594812390318997
93.90124693159356,18.1028068725185,0.010690227533324098,0.18102806872518498,0.0032249403696427786,-0.9041064275673032,0.5917039685195968,10.454779980872067,0.07968890703548938,-0.8436735492221384
93.82193211390197,18.096678267015815,-0.039204655517711406,0.18096678267015814,0.002894532734635344,-0.8787271626116754,0.23278190097533447,8.222443359640296,0.06280075867196183,-0.8566335170633619
93.75144462126765,18.08736334950406,-0.013113862599726299,0.1808736334950406,0.0028868699030606955,-0.8787985465484659,0.41022426948976987,10.449992839545937,0.07997539661649251,-0.7373206312329557
93.67867760152524,18.095998014115857,-0.02948113035416494,0.18095998014115855,0.002853502611846184,-0.8691535527997172,0.2937988343322912,9.249100177847998,0.0708609630230674,-0.5341483182429166
93.61379725956347,18.06877844360186,-0.00026370931051908423,0.1806877844360186,0.0028853251000431697,-0.8710854409551868,0.508301401903856,10.704591176853116,0.08224948340455443,-0.4934723376119058
93.54886885417577,18.057055369387545,-0.007690388462635975,0.18057055369387545,0.0028913018048929732,-0.8843703541733879,0.45118382469685936,10.619281500077498,0.08176034816842623,-0.27761862514409336
93.47998559692275,18.06486124943233,0.0007482306181135716,0.1806486124943233,0.0027914086324858887,-0.8578685468796284,0.5160899533857531,10.682907976233107,0.08233589169126036,-0.17613993878387363
93.38400580242974,18.096411048352397,0.030475701220195453,0.18096411048352398,0.0028658464949778083,-0.8657736517876974,0.7301802213147869,8.849203568413522,0.0682241830812232,-0.502842469700006
93.34135933893023,18.054767593379374,-0.022245211526150332,0.18054767593379373,0.003036511144614694,-0.8762997436477776,0.343149121675996,9.839587240516886,0.07610415100018686,-0.6141081567009472
93.2757471787857,18.02324008498453,0.02192276375591436,0.1802324008498453,0.0030202988102774786,-0.9094601100016717,0.673684902445223,9.64048600537349,0.07479975874527517,-0.5813791023031739
93.20487531263366,18.04083202803743,0.047568403356854486,0.1804083202803743,0.002970679906230908,-0.88980102340732,0.8278145394420334,6.817315015417212,0.05292381584309723,-0.5157281562166801
93.13840737146435,18.00960282135397,-0.014547229590716837,0.18009602821353968,0.002680098150479397,-0.8599678485381228,0.39900137747555015,10.309309573563793,0.080285929710567,-0.4842780180775461
93.07206247259568,17.996724579705916,0.032288932059295214,0.17996724579705917,0.0023234330719106777,-0.8154210702853173,0.742674431994441,8.60880974466578,0.06718658599262514,-0.31552405006252937
92.99785989060055,18.00219477617352,-0.04404585843529151,0.18002194776173522,0.0023062022081343173,-0.8426594508285433,0.20394292956171178,7.551986992469148,0.05901487312167161,-0.1382559646895072
92.92257601431247,17.98909885578446,-0.04539285770025864,0.17989098855784458,0.0023174146166779304,-0.8392344837842896,0.19644776969975586,7.3779598899874665,0.057790441117724696,-0.10441800715868828
92.83857648494404,18.005402672379404,-0.04148643902204481,0.18005402672379403,0.002382619757565044,-0.8482742344048602,0.21831955707548595,7.846159920501705,0.06151329368766242,-0.33515199100182136
92.77798762342165,17.991168069881475,0.012984129974455673,0.17991168069881475,0.0019672299677898314,-0.8356181294717595,0.6093103589532641,10.21044941007495,0.08021714671149725,-0.5229462193604596
92.71380095461414,17.980186621371782,0.048454338347113234,0.17980186621371783,0.0018962125345734111,-0.8225960263614636,0.8329193713526137,6.651728744755779,0.0523628375578968,-0.5533979589697151
92.62208843834065,18.01960748394661,-0.042831856258772484,0.18019607483946612,0.0020939438241950313,-0.8569684000358928,0.21090918141067216,7.672306779259507,0.060384170472779726,-0.4982600400073679
92.55954360338157,18.01112556916746,0.007181585168268557,0.1801112556916746,0.0019566318832136267,-0.8298782048631488,0.5654879977886162,10.44337600969929,0.08234348841318133,-0.6080411804729136
92.50360870588028,18.013141876772888,-0.04666548190436703,0.1801314187677289,0.00199914969509042,-0.7930476448434844,0.19002288116369082,7.197129039335415,0.05680990699837467,-0.5727602368019261
92.41850424256555,18.00523027393968,-0.04636199770892539,0.18005230273939682,0.002094105254553645,-0.7497396646313286,0.1915111571382831,7.22501414344938,0.05716020274726682,-0.4558214753485674
92.3311769633217,18.008863636077457,-0.035300945546736046,0.18008863636077457,0.002201314760272649,-0.7413871514169666,0.25529573894209623,8.505099853649922,0.06740125353668686,-0.4198602862747579
92.2687337794654,18.003837986615746,0.02055511079304131,0.18003837986615745,0.0022089088205253693,-0.736231687811776,0.6642330326857664,9.645681328401755,0.07656500263485869,-0.21117969296926298
92.20247375836395,17.98675054221643,0.01149022713980739,0.17986750542216431,0.0022005972593977553,-0.7350835478297476,0.5981676315137666,10.224591019910749,0.08135414727395156,-0.18487926483740477
